"brand","top_speed_kmh","battery_capacity_kWh","torque_nm","efficiency_wh_per_km","range_km","acceleration_0_100_s","fast_charging_power_kw_dc","cargo_volume_l","drivetrain","segment","length_mm","width_mm","height_mm","car_body_type","log_acceleration_0_100_s","log_cargo_volume_l","log_fast_charging_power_kw_dc","log_top_speed_kmh","log_torque_nm"
"Abarth",155,37.8,235,156,225,7,67,185,"FWD","B - Compact",3673,1683,1518,"Hatchback",1.94591014905531,5.22035582507832,4.20469261939097,5.04342511691925,5.45958551414416
"Abarth",155,37.8,235,149,225,7,67,185,"FWD","B - Compact",3673,1683,1518,"Hatchback",1.94591014905531,5.22035582507832,4.20469261939097,5.04342511691925,5.45958551414416
"Abarth",200,50.8,345,158,280,5.9,79,360,"FWD","JB - Compact",4187,1779,1557,"SUV",1.77495235091167,5.88610403145016,4.36944785246702,5.29831736654804,5.84354441703136
"Abarth",200,50.8,345,158,280,6.2,79,360,"FWD","JB - Compact",4187,1779,1557,"SUV",1.82454929205105,5.88610403145016,4.36944785246702,5.29831736654804,5.84354441703136
"Aiways",150,60,310,156,315,7.5,78,496,"FWD","JC - Medium",4680,1865,1700,"SUV",2.01490302054226,6.20657592672493,4.35670882668959,5.01063529409626,5.73657229747919
"Aiways",160,60,315,150,350,7,78,472,"FWD","JC - Medium",4805,1880,1641,"SUV",1.94591014905531,6.15697898558556,4.35670882668959,5.07517381523383,5.75257263882563
"Alfa",150,50.8,260,128,320,9,85,400,"FWD","JB - Compact",4173,1781,1532,"SUV",2.19722457733622,5.99146454710798,4.44265125649032,5.01063529409626,5.56068163101553
"Alfa",200,50.8,345,164,310,6,85,400,"FWD","JB - Compact",4173,1781,1505,"SUV",1.79175946922805,5.99146454710798,4.44265125649032,5.29831736654804,5.84354441703136
"Alpine",160,52,285,138,310,7.4,70,326,"FWD","B - Compact",3997,1823,1512,"Hatchback",2.00148000021012,5.78689738136671,4.24849524204936,5.07517381523383,5.65248918026865
"Alpine",170,52,300,144,305,6.4,70,326,"FWD","B - Compact",3997,1823,1512,"Hatchback",1.85629799036563,5.78689738136671,4.24849524204936,5.13579843705026,5.7037824746562
"Audi",210,75.8,435,146,465,6,150,502,"RWD","JE - Executive",4928,1923,1455,"Station/Estate",1.79175946922805,6.21860011969173,5.01063529409626,5.34710753071747,6.07534603108868
"Audi",210,94.9,565,151,575,5.4,200,502,"RWD","JE - Executive",4928,1923,1455,"Station/Estate",1.68639895357023,6.21860011969173,5.29831736654804,5.34710753071747,6.33682573114644
"Audi",210,94.9,855,157,560,4.5,200,502,"AWD","JE - Executive",4928,1923,1455,"Station/Estate",1.50407739677627,6.21860011969173,5.29831736654804,5.34710753071747,6.75110146893676
"Audi",210,75.8,435,136,495,6,150,502,"RWD","JE - Executive",4928,1923,1455,"Liftback Sedan",1.79175946922805,6.21860011969173,5.01063529409626,5.34710753071747,6.07534603108868
"Audi",210,94.9,565,141,610,5.4,200,502,"RWD","JE - Executive",4928,1923,1455,"Liftback Sedan",1.68639895357023,6.21860011969173,5.29831736654804,5.34710753071747,6.33682573114644
"Audi",210,94.9,855,147,590,4.7,200,502,"AWD","JE - Executive",4928,1923,1455,"Liftback Sedan",1.54756250871601,6.21860011969173,5.29831736654804,5.34710753071747,6.75110146893676
"Audi",160,59,310,156,340,8.1,110,520,"RWD","JC - Medium",4588,1865,1614,"SUV",2.09186406167839,6.25382881157547,4.70048036579242,5.07517381523383,5.73657229747919
"Audi",180,77,545,162,435,6.7,120,535,"RWD","JC - Medium",4588,1865,1614,"SUV",1.90210752639692,6.28226674689601,4.78749174278205,5.19295685089021,6.30078579466324
"Audi",180,77,679,165,410,6.6,120,535,"AWD","JC - Medium",4588,1865,1614,"SUV",1.88706964903238,6.28226674689601,4.78749174278205,5.19295685089021,6.5206211275587
"Audi",180,77,679,165,415,5.4,120,535,"AWD","JC - Medium",4588,1865,1614,"SUV",1.68639895357023,6.28226674689601,4.78749174278205,5.19295685089021,6.5206211275587
"Audi",160,59,310,159,325,8.1,110,520,"RWD","JC - Medium",4588,1865,1632,"SUV",2.09186406167839,6.25382881157547,4.70048036579242,5.07517381523383,5.73657229747919
"Audi",180,77,545,169,420,6.7,120,520,"RWD","JC - Medium",4588,1865,1632,"SUV",1.90210752639692,6.25382881157547,4.78749174278205,5.19295685089021,6.30078579466324
"Audi",180,77,679,171,395,6.6,120,520,"AWD","JC - Medium",4588,1865,1632,"SUV",1.88706964903238,6.25382881157547,4.78749174278205,5.19295685089021,6.5206211275587
"Audi",180,77,679,171,395,5.4,120,520,"AWD","JC - Medium",4588,1865,1632,"SUV",1.68639895357023,6.25382881157547,4.78749174278205,5.19295685089021,6.5206211275587
"Audi",210,75.8,450,166,395,7,150,526,"RWD","JD - Large",4771,1939,1685,"SUV",1.94591014905531,6.26530121273771,5.01063529409626,5.34710753071747,6.10924758276437
"Audi",210,75.8,450,139,410,7,150,511,"RWD","JD - Large",4771,1939,1665,"SUV",1.94591014905531,6.2363695902037,5.01063529409626,5.34710753071747,6.10924758276437
"Audi",210,94.9,485,145,510,6.6,190,511,"RWD","JD - Large",4771,1939,1665,"SUV",1.88706964903238,6.2363695902037,5.24702407216049,5.34710753071747,6.18414889093748
"Audi",210,94.9,855,149,500,5.9,200,511,"AWD","JD - Large",4771,1939,1665,"SUV",1.77495235091167,6.2363695902037,5.29831736654804,5.34710753071747,6.75110146893676
"Audi",210,94.9,485,171,490,6.6,190,526,"RWD","JD - Large",4771,1939,1685,"SUV",1.88706964903238,6.26530121273771,5.24702407216049,5.34710753071747,6.18414889093748
"Audi",210,94.9,855,176,480,5.9,200,526,"AWD","JD - Large",4771,1939,1685,"SUV",1.77495235091167,6.26530121273771,5.29831736654804,5.34710753071747,6.75110146893676
"Audi",240,94.9,855,156,530,3.9,200,502,"AWD","JE - Executive",4928,1923,1493,"Station/Estate",1.3609765531356,6.21860011969173,5.29831736654804,5.48063892334199,6.75110146893676
"Audi",240,94.9,855,149,555,3.9,200,502,"AWD","JE - Executive",4928,1923,1465,"Liftback Sedan",1.3609765531356,6.21860011969173,5.29831736654804,5.48063892334199,6.75110146893676
"Audi",230,94.9,855,169,470,4.3,200,514,"AWD","JD - Large",4771,1965,1685,"SUV",1.45861502269952,6.24222326545517,5.29831736654804,5.4380793089232,6.75110146893676
"Audi",230,94.9,855,164,495,4.3,200,511,"AWD","JD - Large",4771,1965,1665,"SUV",1.45861502269952,6.2363695902037,5.29831736654804,5.4380793089232,6.75110146893676
"Audi",250,97,865,184,525,2.8,281,350,"AWD","F - Luxury",4997,1964,1389,"Sedan",1.02961941718116,5.85793315448346,5.63835466933375,5.52146091786225,6.76272950693188
"Audi",250,97,1027,182,525,2.5,281,350,"AWD","F - Luxury",4997,1964,1389,"Sedan",0.916290731874155,5.85793315448346,5.63835466933375,5.52146091786225,6.93439720992856
"Audi",245,97,740,172,540,3.4,281,405,"AWD","F - Luxury",5004,1964,1394,"Sedan",1.22377543162212,6.00388706710654,5.63835466933375,5.50125821054473,6.60665018619822
"Audi",245,97,625,169,540,4,281,405,"AWD","F - Luxury",5004,1964,1394,"Sedan",1.38629436111989,6.00388706710654,5.63835466933375,5.50125821054473,6.4377516497364
"BMW",225,81.3,795,197,450,3.9,131,470,"AWD","D - Large",4783,1852,1448,"Liftback Sedan",1.3609765531356,6.1527326947041,4.87519732320115,5.41610040220442,6.67834211465433
"BMW",190,67.1,400,174,430,6,95,470,"RWD","D - Large",4783,1852,1448,"Liftback Sedan",1.79175946922805,6.1527326947041,4.55387689160054,5.24702407216049,5.99146454710798
"BMW",190,81.3,430,174,515,5.6,131,470,"RWD","D - Large",4783,1852,1448,"Liftback Sedan",1.7227665977411,6.1527326947041,4.87519732320115,5.24702407216049,6.06378520868761
"BMW",200,81.3,600,183,490,5.1,131,470,"AWD","D - Large",4783,1852,1448,"Liftback Sedan",1.62924053973028,6.1527326947041,4.87519732320115,5.29831736654804,6.39692965521615
"BMW",230,81.2,795,172,430,3.8,136,490,"AWD","E - Executive",5060,1900,1505,"Sedan",1.33500106673234,6.19440539110467,4.91265488573605,5.4380793089232,6.67834211465433
"BMW",230,81.2,795,179,425,3.9,136,570,"AWD","E - Executive",5060,1900,1505,"Station/Estate",1.3609765531356,6.3456363608286,4.91265488573605,5.4380793089232,6.67834211465433
"BMW",193,81.2,400,159,480,6,136,490,"RWD","E - Executive",5060,1900,1515,"Sedan",1.79175946922805,6.19440539110467,4.91265488573605,5.26269018890489,5.99146454710798
"BMW",193,81.2,400,165,465,6.1,136,570,"RWD","E - Executive",5060,1900,1515,"Station/Estate",1.80828877117927,6.3456363608286,4.91265488573605,5.26269018890489,5.99146454710798
"BMW",215,81.2,590,167,465,5.4,136,490,"AWD","E - Executive",5060,1900,1515,"Sedan",1.68639895357023,6.19440539110467,4.91265488573605,5.37063802812766,6.38012253689976
"BMW",215,81.2,590,174,450,5.5,136,570,"AWD","E - Executive",5060,1900,1515,"Station/Estate",1.70474809223843,6.3456363608286,4.91265488573605,5.37063802812766,6.38012253689976
"BMW",250,101.7,1100,208,490,3.7,159,500,"AWD","F - Luxury",5391,1950,1544,"Sedan",1.30833281965018,6.21460809842219,5.06890420222023,5.52146091786225,7.00306545878646
"BMW",205,101.7,650,177,520,5.5,159,500,"RWD","F - Luxury",5391,1950,1544,"Sedan",1.70474809223843,6.21460809842219,5.06890420222023,5.32300997913841,6.47697236288968
"BMW",240,101.7,745,172,510,4.7,159,500,"AWD","F - Luxury",5391,1950,1544,"Sedan",1.54756250871601,6.21460809842219,5.06890420222023,5.48063892334199,6.61338421837956
"BMW",250,108.9,1015,209,500,3.8,150,500,"AWD","JE - Executive",4965,1970,1695,"SUV",1.33500106673234,6.21460809842219,5.01063529409626,5.52146091786225,6.92264389147589
"BMW",200,94.8,700,193,470,5.1,115,500,"AWD","JE - Executive",4965,1970,1695,"SUV",1.62924053973028,6.21460809842219,4.74493212836325,5.29831736654804,6.5510803350434
"BMW",200,109.1,765,194,525,4.6,150,500,"AWD","JE - Executive",4965,1970,1695,"SUV",1.52605630349505,6.21460809842219,5.01063529409626,5.29831736654804,6.63987583382654
"BMW",170,64.7,247,150,390,8.3,94,490,"FWD","JC - Medium",4500,1845,1616,"SUV",2.11625551480255,6.19440539110467,4.54329478227,5.13579843705026,5.50938833662798
"BMW",180,64.7,494,155,380,5.6,94,490,"AWD","JC - Medium",4500,1845,1616,"SUV",1.7227665977411,6.19440539110467,4.54329478227,5.19295685089021,6.20253551718792
"BMW",170,64.7,247,147,395,8.6,94,525,"FWD","JC - Medium",4554,1845,1560,"SUV",2.15176220325946,6.26339826259162,4.54329478227,5.13579843705026,5.50938833662798
"BMW",180,64.7,494,155,385,5.6,94,525,"AWD","JC - Medium",4554,1845,1560,"SUV",1.7227665977411,6.26339826259162,4.54329478227,5.19295685089021,6.20253551718792
"BYD",160,45.1,290,145,245,7.9,51,400,"FWD","JB - Compact",4310,1830,1675,"SUV",2.06686275947298,5.99146454710798,3.93182563272433,5.07517381523383,5.66988092298052
"BYD",160,60.5,310,144,340,7.3,75,440,"FWD","JC - Medium",4455,1875,1615,"SUV",1.98787434815435,6.08677472691231,4.31748811353631,5.07517381523383,5.73657229747919
"BYD",150,44.9,180,132,265,12.3,50,345,"FWD","C - Medium",4290,1770,1570,"Hatchback",2.50959926237837,5.84354441703136,3.91202300542815,5.01063529409626,5.19295685089021
"BYD",160,44.9,NA,145,260,8,50,345,"FWD","C - Medium",4290,1770,1570,"Hatchback",2.07944154167984,5.84354441703136,3.91202300542815,5.07517381523383,NA
"BYD",160,60.5,310,142,350,7,65,345,"FWD","C - Medium",4290,1770,1570,"Hatchback",1.94591014905531,5.84354441703136,4.17438726989564,5.07517381523383,5.73657229747919
"BYD",150,30,175,136,190,11.1,45,308,"FWD","B - Compact",3990,1720,1590,"Hatchback",2.40694510831829,5.73009978297357,3.80666248977032,5.01063529409626,5.16478597392351
"BYD",150,43.2,175,134,270,12.1,60,308,"FWD","B - Compact",3990,1720,1590,"Hatchback",2.4932054526027,5.73009978297357,4.0943445622221,5.01063529409626,5.16478597392351
"BYD",150,43.2,220,139,265,9.1,60,308,"FWD","B - Compact",3990,1720,1590,"Hatchback",2.2082744135228,5.73009978297357,4.0943445622221,5.01063529409626,5.39362754635236
"BYD",220,61.4,380,133,365,7.5,75,400,"RWD","D - Large",4800,1875,1460,"Sedan",2.01490302054226,5.99146454710798,4.31748811353631,5.39362754635236,5.94017125272043
"BYD",180,82.5,670,159,445,3.8,100,400,"AWD","D - Large",4800,1875,1460,"Sedan",1.33500106673234,5.99146454710798,4.60517018598809,5.19295685089021,6.50727771238501
"BYD",180,82.5,360,145,480,5.9,100,400,"RWD","D - Large",4800,1875,1460,"Sedan",1.77495235091167,5.99146454710798,4.60517018598809,5.19295685089021,5.88610403145016
"BYD",175,71.8,310,171,360,9.3,72,552,"FWD","JD - Large",4785,1890,1668,"SUV",2.23001440015921,6.31354804627709,4.27666611901606,5.16478597392351,5.73657229747919
"BYD",175,87,330,174,425,9.6,85,552,"FWD","JD - Large",4785,1890,1668,"SUV",2.26176309847379,6.31354804627709,4.44265125649032,5.16478597392351,5.79909265446053
"BYD",215,82.5,690,181,400,4.5,115,520,"AWD","JD - Large",4830,1925,1620,"SUV",1.50407739677627,6.25382881157547,4.74493212836325,5.37063802812766,6.5366915975913
"BYD",215,82.5,380,171,415,6.7,115,520,"RWD","JD - Large",4830,1925,1620,"SUV",1.90210752639692,6.25382881157547,4.74493212836325,5.37063802812766,5.94017125272043
"BYD",215,91.3,690,182,430,4.5,165,520,"AWD","JD - Large",4830,1925,1620,"SUV",1.50407739677627,6.25382881157547,5.10594547390058,5.37063802812766,6.5366915975913
"BYD",190,108.8,700,205,460,4.9,100,235,"AWD","JE - Executive",4970,1955,1745,"SUV",1.58923520511658,5.45958551414416,4.60517018598809,5.24702407216049,6.5510803350434
"CUPRA",160,59,310,156,360,6.7,110,385,"RWD","C - Medium",4322,1809,1540,"Hatchback",1.90210752639692,5.95324333428778,4.70048036579242,5.07517381523383,5.73657229747919
"CUPRA",160,77,310,157,460,7,125,385,"RWD","C - Medium",4322,1809,1540,"Hatchback",1.94591014905531,5.95324333428778,4.8283137373023,5.07517381523383,5.73657229747919
"CUPRA",200,79,545,149,465,5.6,135,385,"RWD","C - Medium",4322,1809,1538,"Hatchback",1.7227665977411,5.95324333428778,4.90527477843843,5.29831736654804,6.30078579466324
"CUPRA",180,77,545,142,445,6.8,120,540,"RWD","JC - Medium",4644,1861,1597,"SUV",1.91692261218206,6.29156913955832,4.78749174278205,5.19295685089021,6.30078579466324
"CUPRA",180,77,545,150,425,5.5,120,540,"AWD","JC - Medium",4644,1861,1597,"SUV",1.70474809223843,6.29156913955832,4.78749174278205,5.19295685089021,6.30078579466324
"Cadillac",210,102,610,192,460,5.3,165,793,"AWD","JF - Luxury",5005,1977,1623,"SUV",1.66770682055808,6.67582322163485,5.10594547390058,5.34710753071747,6.41345895716736
"Citroen",132,50,260,149,235,11.7,80,775,"FWD","N - Passenger Van",4403,1921,1803,"Small Passenger Van",2.45958884180371,6.65286302935335,4.38202663467388,4.88280192258637,5.56068163101553
"Citroen",132,50,260,149,230,11.7,80,1050,"FWD","N - Passenger Van",4753,1921,1814,"Small Passenger Van",2.45958884180371,6.95654544315157,4.38202663467388,4.88280192258637,5.56068163101553
"Citroen",135,44,120,135,255,11.5,60,310,"FWD","B - Compact",4015,1755,1577,"Hatchback",2.4423470353692,5.73657229747919,4.0943445622221,4.90527477843843,4.78749174278205
"Citroen",145,44,125,144,240,12.9,60,460,"FWD","JB - Compact",4395,1795,1660,"SUV",2.55722731136763,6.13122648948314,4.0943445622221,4.97673374242057,4.8283137373023
"Citroen",150,46.3,260,135,285,9.9,78,380,"FWD","C - Medium",4360,1834,1525,"Hatchback",2.29253475714054,5.94017125272043,4.35670882668959,5.01063529409626,5.56068163101553
"Citroen",150,50.8,260,122,325,9.1,78,380,"FWD","C - Medium",4360,1834,1525,"Hatchback",2.2082744135228,5.94017125272043,4.35670882668959,5.01063529409626,5.56068163101553
"Citroen",150,46.3,260,132,290,9.9,78,510,"FWD","C - Medium",4600,1834,1525,"Sedan",2.29253475714054,6.23441072571837,4.35670882668959,5.01063529409626,5.56068163101553
"Citroen",150,50.8,260,119,335,9.1,78,510,"FWD","C - Medium",4600,1834,1525,"Sedan",2.2082744135228,6.23441072571837,4.35670882668959,5.01063529409626,5.56068163101553
"Citroen",130,46.3,220,217,180,13.3,78,603,"FWD","N - Passenger Van",4983,1920,1890,"Small Passenger Van",2.58776403522771,6.40191719672719,4.35670882668959,4.86753445045558,5.39362754635236
"Citroen",130,68,220,202,260,14.2,79,603,"FWD","N - Passenger Van",4983,1920,1890,"Small Passenger Van",2.65324196460721,6.40191719672719,4.36944785246702,4.86753445045558,5.39362754635236
"Citroen",130,46.3,220,219,180,13.3,78,989,"FWD","N - Passenger Van",5333,1920,1890,"Small Passenger Van",2.58776403522771,6.89669433162271,4.35670882668959,4.86753445045558,5.39362754635236
"Citroen",130,68,220,204,260,14.2,79,989,"FWD","N - Passenger Van",5333,1920,1890,"Small Passenger Van",2.65324196460721,6.89669433162271,4.36944785246702,4.86753445045558,5.39362754635236
"DS",150,50.8,260,128,300,9,85,350,"FWD","JB - Compact",4118,1802,1534,"SUV",2.19722457733622,5.85793315448346,4.44265125649032,5.01063529409626,5.56068163101553
"DS",160,58.3,345,130,375,7.1,70,390,"FWD","JC - Medium",4400,1866,1470,"Hatchback",1.96009478404727,5.96614673912369,4.24849524204936,5.07517381523383,5.84354441703136
"DS",190,97.2,511,146,530,5.4,130,620,"AWD","JD - Large",4834,1920,1574,"SUV",1.68639895357023,6.42971947803914,4.86753445045558,5.24702407216049,6.2363695902037
"DS",190,73.7,345,141,415,7.7,100,620,"FWD","JD - Large",4834,1920,1574,"SUV",2.04122032885964,6.42971947803914,4.60517018598809,5.24702407216049,5.84354441703136
"DS",190,97.2,345,136,545,7.8,130,620,"FWD","JD - Large",4834,1920,1574,"SUV",2.05412373369555,6.42971947803914,4.86753445045558,5.24702407216049,5.84354441703136
"Dacia",125,25,125,109,165,19.1,29,308,"FWD","A - Mini",3700,1622,1516,"Hatchback",2.94968833505258,5.73009978297357,3.36729582998647,4.8283137373023,4.8283137373023
"Dacia",125,25,113,114,160,13.7,29,308,"FWD","A - Mini",3700,1622,1516,"Hatchback",2.61739583283408,5.73009978297357,3.36729582998647,4.8283137373023,4.72738781871234
"Dongfeng",140,29,160,126,190,12.5,50,326,"FWD","B - Compact",4020,1810,1570,"Hatchback",2.52572864430826,5.78689738136671,3.91202300542815,4.9416424226093,5.07517381523383
"Dongfeng",140,40,160,129,255,12.5,51,326,"FWD","B - Compact",4020,1810,1570,"Hatchback",2.52572864430826,5.78689738136671,3.93182563272433,4.9416424226093,5.07517381523383
"Elaris",150,81,320,203,390,9.5,65,467,"FWD","JD - Large",4698,1908,1696,"SUV",2.2512917986065,6.1463292576689,4.17438726989564,5.01063529409626,5.76832099579377
"Fiat",135,21.3,220,112,135,9,40,185,"FWD","B - Compact",3631,1683,1529,"Hatchback",2.19722457733622,5.22035582507832,3.68887945411394,4.90527477843843,5.39362754635236
"Fiat",150,37.3,220,122,235,9,67,185,"FWD","B - Compact",3631,1683,1529,"Hatchback",2.19722457733622,5.22035582507832,4.20469261939097,5.01063529409626,5.39362754635236
"Fiat",135,21.3,220,112,135,9,40,185,"FWD","B - Compact",3631,1683,1529,"Cabriolet",2.19722457733622,5.22035582507832,3.68887945411394,4.90527477843843,5.39362754635236
"Fiat",150,37.3,220,125,230,9,67,185,"FWD","B - Compact",3631,1683,1529,"Cabriolet",2.19722457733622,5.22035582507832,4.20469261939097,5.01063529409626,5.39362754635236
"Fiat",135,21.3,220,112,135,9,40,185,"FWD","B - Compact",3631,1683,1529,"Hatchback",2.19722457733622,5.22035582507832,3.68887945411394,4.90527477843843,5.39362754635236
"Fiat",150,37.3,220,118,235,9,67,185,"FWD","B - Compact",3631,1683,1529,"Hatchback",2.19722457733622,5.22035582507832,4.20469261939097,5.01063529409626,5.39362754635236
"Fiat",150,50.8,260,124,310,9,79,360,"FWD","JB - Compact",4171,1781,1523,"SUV",2.19722457733622,5.88610403145016,4.36944785246702,5.01063529409626,5.56068163101553
"Fiat",132,43.8,122,136,260,11,60,361,"FWD","B - Compact",3999,1763,1570,"Hatchback",2.39789527279837,5.88887795833288,4.0943445622221,4.88280192258637,4.80402104473326
"Ford",180,79,679,148,455,5.3,135,572,"AWD","D - Large",4643,1872,1626,"Liftback Sedan",1.66770682055808,6.3491389913798,4.90527477843843,5.19295685089021,6.5206211275587
"Ford",180,77,545,135,455,6.4,120,572,"RWD","D - Large",4643,1872,1626,"Liftback Sedan",1.85629799036563,6.3491389913798,4.78749174278205,5.19295685089021,6.30078579466324
"Ford",160,52,310,163,320,9,85,572,"RWD","D - Large",4643,1872,1626,"Liftback Sedan",2.19722457733622,6.3491389913798,4.44265125649032,5.07517381523383,5.73657229747919
"Ford",180,79,679,153,440,5.3,135,536,"AWD","JC - Medium",4468,1871,1639,"SUV",1.66770682055808,6.2841341610708,4.90527477843843,5.19295685089021,6.5206211275587
"Ford",180,77,545,139,435,6.4,120,536,"RWD","JC - Medium",4468,1871,1630,"SUV",1.85629799036563,6.2841341610708,4.78749174278205,5.19295685089021,6.30078579466324
"Ford",160,52,310,137,305,8.7,85,536,"RWD","JC - Medium",4468,1871,1630,"SUV",2.16332302566054,6.2841341610708,4.44265125649032,5.07517381523383,5.73657229747919
"Ford",180,88,675,160,435,4.8,105,519,"AWD","JD - Large",4713,1881,1624,"SUV",1.56861591791385,6.25190388316589,4.65396035015752,5.19295685089021,6.51471269087253
"Ford",180,91,675,165,445,4.6,115,519,"AWD","JD - Large",4713,1881,1624,"SUV",1.52605630349505,6.25190388316589,4.74493212836325,5.19295685089021,6.51471269087253
"Ford",180,88,525,147,475,6.1,105,519,"RWD","JD - Large",4713,1881,1624,"SUV",1.80828877117927,6.25190388316589,4.65396035015752,5.19295685089021,6.26339826259162
"Ford",180,91,525,152,480,5.9,115,519,"RWD","JD - Large",4713,1881,1624,"SUV",1.77495235091167,6.25190388316589,4.74493212836325,5.19295685089021,6.26339826259162
"Ford",200,91,950,177,425,3.8,115,519,"AWD","JD - Large",4743,1881,1613,"SUV",1.33500106673234,6.25190388316589,4.74493212836325,5.29831736654804,6.85646198459459
"Ford",200,91,950,177,435,3.8,115,519,"AWD","JD - Large",4743,1881,1613,"SUV",1.33500106673234,6.25190388316589,4.74493212836325,5.29831736654804,6.85646198459459
"Ford",200,91,950,178,415,3.9,115,519,"AWD","JD - Large",4743,1881,1633,"SUV",1.3609765531356,6.25190388316589,4.74493212836325,5.29831736654804,6.85646198459459
"Ford",200,91,950,178,410,3.9,115,519,"AWD","JD - Large",4743,1881,1633,"SUV",1.3609765531356,6.25190388316589,4.74493212836325,5.29831736654804,6.85646198459459
"Ford",180,72.6,525,154,385,6.2,100,519,"RWD","JD - Large",4713,1881,1624,"SUV",1.82454929205105,6.25190388316589,4.60517018598809,5.19295685089021,6.26339826259162
"Ford",180,72.6,525,154,380,6.2,100,519,"RWD","JD - Large",4713,1881,1624,"SUV",1.82454929205105,6.25190388316589,4.60517018598809,5.19295685089021,6.26339826259162
"Ford",160,43.6,290,126,275,8,85,523,"FWD","JB - Compact",4214,1805,1555,"SUV",2.07944154167984,6.25958146406492,4.44265125649032,5.07517381523383,5.66988092298052
"Ford",145,43.6,290,164,200,11,80,NA,"FWD","N - Passenger Van",4337,1876,1817,"Small Passenger Van",2.39789527279837,NA,4.38202663467388,4.97673374242057,5.66988092298052
"Ford",130,64,415,370,235,9,70,672,"RWD","N - Passenger Van",5050,1999,1959,"Small Passenger Van",2.19722457733622,6.51025834052315,4.24849524204936,4.86753445045558,6.0282785202307
"Ford",130,64,415,370,235,8,70,672,"RWD","N - Passenger Van",5050,1999,1959,"Small Passenger Van",2.07944154167984,6.51025834052315,4.24849524204936,4.86753445045558,6.0282785202307
"Ford",150,64,415,370,235,9,70,672,"RWD","N - Passenger Van",5908,1999,1959,"Small Passenger Van",2.19722457733622,6.51025834052315,4.24849524204936,5.01063529409626,6.0282785202307
"Ford",150,64,415,370,235,8,70,672,"RWD","N - Passenger Van",5908,1999,1959,"Small Passenger Van",2.07944154167984,6.51025834052315,4.24849524204936,5.01063529409626,6.0282785202307
"GWM",160,45.4,250,146,260,8.3,45,228,"FWD","C - Medium",4235,1825,1603,"Hatchback",2.11625551480255,5.42934562895444,3.80666248977032,5.07517381523383,5.52146091786225
"GWM",160,59.3,250,141,340,8.2,56,228,"FWD","C - Medium",4235,1825,1603,"Hatchback",2.10413415427021,5.42934562895444,4.02535169073515,5.07517381523383,5.52146091786225
"GWM",160,59.3,250,148,325,8.2,56,228,"FWD","C - Medium",4254,1848,1603,"Hatchback",2.10413415427021,5.42934562895444,4.02535169073515,5.07517381523383,5.52146091786225
"GWM",180,83.5,680,161,430,4.5,80,333,"AWD","D - Large",4871,1862,1500,"Sedan",1.50407739677627,5.80814248998044,4.38202663467388,5.19295685089021,6.52209279817015
"GWM",170,64.3,340,146,350,8.2,75,333,"FWD","D - Large",4871,1862,1500,"Sedan",2.10413415427021,5.80814248998044,4.31748811353631,5.13579843705026,5.82894561761021
"GWM",170,64.3,340,146,350,8.2,75,333,"FWD","D - Large",4871,1862,1500,"Sedan",2.10413415427021,5.80814248998044,4.31748811353631,5.13579843705026,5.82894561761021
"Genesis",225,82.5,700,159,440,4.9,160,354,"AWD","F - Luxury",5005,1925,1470,"Sedan",1.58923520511658,5.86929691313377,5.07517381523383,5.41610040220442,6.5510803350434
"Genesis",185,74,350,143,390,7.8,200,432,"RWD","JC - Medium",4515,1890,1580,"SUV",2.05412373369555,6.06842558824411,5.29831736654804,5.22035582507832,5.85793315448346
"Genesis",200,74,605,157,375,5.5,200,432,"AWD","JC - Medium",4515,1890,1580,"SUV",1.70474809223843,6.06842558824411,5.29831736654804,5.29831736654804,6.40522845803084
"Genesis",235,74,700,159,360,4,200,432,"AWD","JC - Medium",4515,1890,1580,"SUV",1.38629436111989,6.06842558824411,5.29831736654804,5.45958551414416,6.5510803350434
"Genesis",235,74,700,163,350,4.2,190,503,"AWD","JD - Large",4715,1910,1630,"SUV",1.43508452528932,6.22059017009974,5.24702407216049,5.45958551414416,6.5510803350434
"Honda",160,61.9,310,150,335,7.6,60,361,"FWD","JB - Compact",4387,1790,1584,"SUV",2.02814824729229,5.88887795833288,4.0943445622221,5.07517381523383,5.73657229747919
"Hongqi",200,112,750,217,455,4.9,110,438,"AWD","JF - Luxury",5209,2010,1731,"SUV",1.58923520511658,6.08221891037645,4.70048036579242,5.29831736654804,6.62007320653036
"Hongqi",200,76.5,600,193,320,6.5,112,438,"AWD","JF - Luxury",5209,2010,1731,"SUV",1.87180217690159,6.08221891037645,4.71849887129509,5.29831736654804,6.39692965521615
"Hongqi",200,90,750,194,370,4.9,112,438,"AWD","JF - Luxury",5209,2010,1731,"SUV",1.58923520511658,6.08221891037645,4.71849887129509,5.29831736654804,6.62007320653036
"Hyundai",150,46,147,124,300,10.6,70,280,"FWD","JA - Mini",3825,1610,1575,"SUV",2.36085400111802,5.63478960316925,4.24849524204936,5.01063529409626,4.99043258677874
"Hyundai",140,39,147,119,255,11.7,60,280,"FWD","JA - Mini",3825,1610,1575,"SUV",2.45958884180371,5.63478960316925,4.0943445622221,4.9416424226093,4.99043258677874
"Hyundai",185,60,350,136,345,8.5,150,520,"RWD","JC - Medium",4655,1890,1605,"SUV",2.14006616349627,6.25382881157547,5.01063529409626,5.22035582507832,5.85793315448346
"Hyundai",185,80,605,162,445,5.3,205,520,"AWD","JC - Medium",4655,1890,1605,"SUV",1.66770682055808,6.25382881157547,5.32300997913841,5.22035582507832,6.40522845803084
"Hyundai",185,80,350,155,450,7.5,205,520,"RWD","JC - Medium",4655,1890,1605,"SUV",2.01490302054226,6.25382881157547,5.32300997913841,5.22035582507832,5.85793315448346
"Hyundai",260,80,740,179,390,3.4,205,480,"AWD","JC - Medium",4715,1940,1585,"SUV",1.22377543162212,6.17378610390194,5.32300997913841,5.56068163101553,6.60665018619822
"Hyundai",185,74,350,136,495,7.4,200,401,"RWD","D - Large",4855,1880,1495,"Sedan",2.00148000021012,5.99396142730657,5.29831736654804,5.22035582507832,5.85793315448346
"Hyundai",185,74,605,143,440,5.1,200,401,"AWD","D - Large",4855,1880,1495,"Sedan",1.62924053973028,5.99396142730657,5.29831736654804,5.22035582507832,6.40522845803084
"Hyundai",185,50,350,117,335,8.8,120,401,"RWD","D - Large",4855,1880,1495,"Sedan",2.17475172148416,5.99396142730657,4.78749174278205,5.22035582507832,5.85793315448346
"Hyundai",200,106,605,177,490,6.7,195,338,"AWD","JF - Luxury",5060,1980,1790,"SUV",1.90210752639692,5.82304589548302,5.27299955856375,5.29831736654804,6.40522845803084
"Hyundai",185,106,350,171,500,9.4,195,338,"RWD","JF - Luxury",5060,1980,1790,"SUV",2.24070968927596,5.82304589548302,5.27299955856375,5.22035582507832,5.85793315448346
"Hyundai",200,106,700,177,480,5.2,195,338,"AWD","JF - Luxury",5060,1980,1790,"SUV",1.64865862558738,5.82304589548302,5.27299955856375,5.29831736654804,6.5510803350434
"Hyundai",160,48.4,255,128,295,8.8,50,466,"FWD","JB - Compact",4355,1825,1575,"SUV",2.17475172148416,6.14418563412565,3.91202300542815,5.07517381523383,5.54126354515843
"Hyundai",170,65.4,255,144,390,7.8,86,466,"FWD","JB - Compact",4355,1825,1575,"SUV",2.05412373369555,6.14418563412565,4.45434729625351,5.13579843705026,5.54126354515843
"Jaguar",200,84.7,696,208,380,4.8,85,505,"AWD","JD - Large",4682,2011,1566,"SUV",1.56861591791385,6.22455842927536,4.44265125649032,5.29831736654804,6.54534966033442
"Jeep",150,50.8,260,132,310,9,85,355,"FWD","JB - Compact",4084,1776,1528,"SUV",2.19722457733622,5.87211778947542,4.44265125649032,5.01063529409626,5.56068163101553
"Jeep",180,74,345,148,370,8.5,90,550,"FWD","JC - Medium",4552,1928,1675,"SUV",2.14006616349627,6.30991827822652,4.49980967033027,5.19295685089021,5.84354441703136
"KGM",175,72,339,156,370,8.1,85,839,"FWD","JC - Medium",4715,1890,1725,"SUV",2.09186406167839,6.73221070646721,4.44265125649032,5.16478597392351,5.82600010738045
"Kia",170,78,283,139,455,7.7,105,460,"FWD","JB - Compact",4300,1850,1560,"SUV",2.04122032885964,6.13122648948314,4.65396035015752,5.13579843705026,5.64544689764324
"Kia",170,55,283,133,325,7.5,80,460,"FWD","JB - Compact",4300,1850,1560,"SUV",2.01490302054226,6.13122648948314,4.38202663467388,5.13579843705026,5.64544689764324
"Kia",170,78,283,132,475,7.7,105,435,"FWD","C - Medium",4430,1860,1485,"Hatchback",2.04122032885964,6.07534603108868,4.65396035015752,5.13579843705026,5.64544689764324
"Kia",170,55,283,134,340,7.4,80,435,"FWD","C - Medium",4430,1860,1485,"Hatchback",2.00148000021012,6.07534603108868,4.38202663467388,5.13579843705026,5.64544689764324
"Kia",170,78,283,124,495,7.7,105,490,"FWD","C - Medium",4730,1860,1480,"Sedan",2.04122032885964,6.19440539110467,4.65396035015752,5.13579843705026,5.64544689764324
"Kia",170,55,283,128,355,7.4,80,490,"FWD","C - Medium",4730,1860,1480,"Sedan",2.00148000021012,6.19440539110467,4.38202663467388,5.13579843705026,5.64544689764324
"Kia",260,80,770,178,385,3.5,205,480,"AWD","JC - Medium",4695,1890,1545,"SUV",1.25276296849537,6.17378610390194,5.32300997913841,5.56068163101553,6.64639051484773
"Kia",185,80,350,143,455,7.3,205,490,"RWD","JC - Medium",4695,1880,1575,"SUV",1.98787434815435,6.19440539110467,5.32300997913841,5.22035582507832,5.85793315448346
"Kia",185,80,605,154,440,5.2,205,490,"AWD","JC - Medium",4695,1880,1575,"SUV",1.64865862558738,6.19440539110467,5.32300997913841,5.22035582507832,6.40522845803084
"Kia",185,60,350,140,345,8.7,150,490,"RWD","JC - Medium",4695,1880,1575,"SUV",2.16332302566054,6.19440539110467,5.01063529409626,5.22035582507832,5.85793315448346
"Kia",190,73,350,165,355,8.5,160,333,"RWD","JF - Luxury",5010,1980,1755,"SUV",2.14006616349627,5.80814248998044,5.07517381523383,5.24702407216049,5.85793315448346
"Kia",200,96,600,188,435,6,194,333,"AWD","JF - Luxury",5010,1980,1755,"SUV",1.79175946922805,5.80814248998044,5.26785815906333,5.29831736654804,6.39692965521615
"Kia",220,96,740,190,420,4.6,194,333,"AWD","JF - Luxury",5015,1980,1755,"SUV",1.52605630349505,5.80814248998044,5.26785815906333,5.39362754635236,6.60665018619822
"Kia",200,96,700,190,425,5.3,194,333,"AWD","JF - Luxury",5015,1980,1780,"SUV",1.66770682055808,5.80814248998044,5.26785815906333,5.29831736654804,6.5510803350434
"Kia",185,96,350,171,450,9.4,194,333,"RWD","JF - Luxury",5010,1980,1755,"SUV",2.24070968927596,5.80814248998044,5.26785815906333,5.22035582507832,5.85793315448346
"Kia",167,64.8,255,140,385,7.8,70,475,"FWD","JC - Medium",4420,1825,1570,"SUV",2.05412373369555,6.16331480403464,4.24849524204936,5.11799381241676,5.54126354515843
"Lancia",150,48.1,260,122,310,8.2,80,309,"FWD","B - Compact",4080,1760,1440,"Hatchback",2.10413415427021,5.73334127689775,4.38202663467388,5.01063529409626,5.56068163101553
"Leapmotor",170,69.9,320,166,350,7.5,70,435,"RWD","JD - Large",4739,1900,1680,"SUV",2.01490302054226,6.07534603108868,4.24849524204936,5.13579843705026,5.76832099579377
"Leapmotor",130,36,158,136,225,12.7,30,210,"FWD","A - Mini",3620,1652,1577,"Hatchback",2.54160199346455,5.34710753071747,3.40119738166216,4.86753445045558,5.06259503302697
"Lexus",160,64,266,149,365,8,100,522,"FWD","JC - Medium",4690,1860,1600,"SUV",2.07944154167984,6.25766758788264,4.60517018598809,5.07517381523383,5.5834963087817
"Lexus",160,64,435,158,350,5.6,100,522,"AWD","JD - Large",4805,1895,1635,"SUV",1.7227665977411,6.25766758788264,4.60517018598809,5.07517381523383,6.07534603108868
"Lexus",160,64,300,145,340,7.5,35,316,"FWD","JC - Medium",4495,1840,1545,"SUV",2.01490302054226,5.75574221358691,3.55534806148941,5.07517381523383,5.7037824746562
"Lotus",250,109,710,204,495,4.5,259,611,"AWD","JF - Luxury",5103,2019,1630,"SUV",1.50407739677627,6.4150969591716,5.55682806169954,5.52146091786225,6.56526497003536
"Lotus",260,109,985,266,455,2.9,259,611,"AWD","JF - Luxury",5103,2019,1636,"SUV",1.06471073699243,6.4150969591716,5.55682806169954,5.56068163101553,6.89264164117209
"Lotus",250,109,710,222,480,4.5,259,611,"AWD","JF - Luxury",5103,2019,1630,"SUV",1.50407739677627,6.4150969591716,5.55682806169954,5.52146091786225,6.56526497003536
"Lotus",250,98.9,710,198,520,4.2,240,509,"AWD","F - Luxury",5139,2005,1464,"Liftback Sedan",1.43508452528932,6.23244801655052,5.48063892334199,5.52146091786225,6.56526497003536
"Lotus",256,98.9,985,227,465,2.8,240,509,"AWD","F - Luxury",5139,2005,1464,"Liftback Sedan",1.02961941718116,6.23244801655052,5.48063892334199,5.54517744447956,6.89264164117209
"Lotus",250,98.9,710,198,520,4.2,240,509,"AWD","F - Luxury",5139,2005,1464,"Liftback Sedan",1.43508452528932,6.23244801655052,5.48063892334199,5.52146091786225,6.56526497003536
"Lucid",270,112,1200,143,665,3,184,456,"AWD","F - Luxury",4975,1939,1410,"Sedan",1.09861228866811,6.12249280951439,5.21493575760899,5.59842195899838,7.09007683577609
"Lucid",200,92,NA,130,565,4.7,160,456,"RWD","F - Luxury",4975,1939,1410,"Sedan",1.54756250871601,6.12249280951439,5.07517381523383,5.29831736654804,NA
"Lucid",250,92,NA,142,580,3.2,160,456,"AWD","F - Luxury",4975,1939,1410,"Sedan",1.16315080980568,6.12249280951439,5.07517381523383,5.52146091786225,NA
"Lynk&Co",180,65,343,149,370,5.5,90,410,"RWD","JC - Medium",4460,1845,1573,"SUV",1.70474809223843,6.01615715969835,4.49980967033027,5.19295685089021,5.83773044716594
"MG",200,74.4,725,168,395,3.2,85,249,"AWD","G - Sports",4535,1913,1329,"Cabriolet",1.16315080980568,5.51745289646471,4.44265125649032,5.29831736654804,6.58617165485467
"MG",195,74.4,475,146,425,5,85,249,"RWD","G - Sports",4535,1913,1329,"Cabriolet",1.6094379124341,5.51745289646471,4.44265125649032,5.27299955856375,6.16331480403464
"MG",160,50.8,250,145,300,7.7,68,363,"RWD","C - Medium",4287,1836,1504,"Hatchback",2.04122032885964,5.89440283426485,4.21950770517611,5.07517381523383,5.52146091786225
"MG",160,61.7,250,142,360,7.9,116,363,"RWD","C - Medium",4287,1836,1504,"Hatchback",2.06686275947298,5.89440283426485,4.75359019110636,5.07517381523383,5.52146091786225
"MG",180,74.4,350,143,425,6.5,110,363,"RWD","C - Medium",4287,1836,1516,"Hatchback",1.87180217690159,5.89440283426485,4.70048036579242,5.19295685089021,5.85793315448346
"MG",200,61.7,600,160,320,3.8,116,363,"AWD","C - Medium",4287,1836,1516,"Hatchback",1.33500106673234,5.89440283426485,4.75359019110636,5.29831736654804,6.39692965521615
"MG",185,57.4,280,151,335,7.7,60,479,"FWD","C - Medium",4600,1818,1543,"Station/Estate",2.04122032885964,6.17170059741091,4.0943445622221,5.22035582507832,5.63478960316925
"MG",185,46,280,148,265,7.7,53,479,"FWD","C - Medium",4600,1818,1543,"Station/Estate",2.04122032885964,6.17170059741091,3.97029191355212,5.22035582507832,5.63478960316925
"MG",170,47.1,250,139,275,8,80,453,"RWD","JC - Medium",4476,1849,1621,"SUV",2.07944154167984,6.11589212548303,4.38202663467388,5.13579843705026,5.52146091786225
"MG",190,62.1,350,134,365,6.3,90,453,"RWD","JC - Medium",4476,1849,1621,"SUV",1.84054963339749,6.11589212548303,4.49980967033027,5.24702407216049,5.85793315448346
"MG",175,68.3,280,155,370,8.4,82,448,"FWD","JB - Compact",4323,1809,1649,"SUV",2.12823170584927,6.10479323241498,4.40671924726425,5.16478597392351,5.63478960316925
"MG",175,49,280,153,265,8.6,50,448,"FWD","JB - Compact",4323,1809,1649,"SUV",2.15176220325946,6.10479323241498,3.91202300542815,5.16478597392351,5.63478960316925
"Maserati",290,83,1350,198,395,2.8,190,151,"AWD","F - Luxury",4966,1957,1365,"Cabriolet",1.02961941718116,5.01727983681492,5.24702407216049,5.66988092298052,7.20785987143248
"Maserati",325,83,1350,182,420,2.7,217,270,"AWD","F - Luxury",4959,1957,1353,"Coupe",0.993251773010283,5.59842195899838,5.37989735354046,5.78382518232974,7.20785987143248
"Maserati",220,95,820,220,400,4.1,110,535,"AWD","JE - Executive",4865,1948,1651,"SUV",1.41098697371026,6.28226674689601,4.70048036579242,5.39362754635236,6.7093043402583
"Maxus",180,84,350,195,365,9.2,103,466,"FWD","N - Passenger Van",5270,2000,1840,"Small Passenger Van",2.21920348405499,6.14418563412565,4.63472898822964,5.19295685089021,5.85793315448346
"Mazda",175,66,320,138,390,7.6,120,456,"RWD","D - Large",4921,1890,1491,"Liftback Sedan",2.02814824729229,6.12249280951439,4.78749174278205,5.16478597392351,5.76832099579377
"Mazda",175,75,320,136,440,7.8,70,456,"RWD","D - Large",4921,1890,1491,"Liftback Sedan",2.05412373369555,6.12249280951439,4.24849524204936,5.16478597392351,5.76832099579377
"Mercedes-Benz",210,85,335,122,565,6.7,235,405,"RWD","D - Large",4723,1855,1468,"Sedan",1.90210752639692,6.00388706710654,5.45958551414416,5.34710753071747,5.81413053182507
"Mercedes-Benz",210,85,515,126,550,4.9,235,405,"AWD","D - Large",4723,1855,1468,"Sedan",1.58923520511658,6.00388706710654,5.45958551414416,5.34710753071747,6.24416690066374
"Mercedes-Benz",160,66.5,385,146,395,8.6,100,340,"FWD","JC - Medium",4463,1834,1620,"SUV",2.15176220325946,5.82894561761021,4.60517018598809,5.07517381523383,5.95324333428778
"Mercedes-Benz",160,70.5,385,142,420,8.6,90,340,"FWD","JC - Medium",4463,1834,1620,"SUV",2.15176220325946,5.82894561761021,4.49980967033027,5.07517381523383,5.95324333428778
"Mercedes-Benz",160,66.5,390,162,350,7.7,100,340,"AWD","JC - Medium",4463,1834,1620,"SUV",2.04122032885964,5.82894561761021,4.60517018598809,5.07517381523383,5.96614673912369
"Mercedes-Benz",160,66.5,520,162,350,6,100,340,"AWD","JC - Medium",4463,1834,1620,"SUV",1.79175946922805,5.82894561761021,4.60517018598809,5.07517381523383,6.25382881157547
"Mercedes-Benz",160,70.5,385,152,415,8.9,90,495,"FWD","JC - Medium",4684,1834,1667,"SUV",2.18605127673809,6.20455776256869,4.49980967033027,5.07517381523383,5.95324333428778
"Mercedes-Benz",160,66.5,390,168,345,8,100,495,"AWD","JC - Medium",4684,1834,1667,"SUV",2.07944154167984,6.20455776256869,4.60517018598809,5.07517381523383,5.96614673912369
"Mercedes-Benz",160,66.5,520,168,345,6.2,100,495,"AWD","JC - Medium",4684,1834,1667,"SUV",1.82454929205105,6.20455776256869,4.60517018598809,5.07517381523383,6.25382881157547
"Mercedes-Benz",210,89,550,163,525,7.3,120,430,"RWD","E - Executive",4946,1906,1503,"Sedan",1.98787434815435,6.06378520868761,4.78749174278205,5.34710753071747,6.30991827822652
"Mercedes-Benz",210,90.6,765,173,515,6.3,141,430,"AWD","E - Executive",4946,1906,1503,"Sedan",1.84054963339749,6.06378520868761,4.94875989037817,5.34710753071747,6.63987583382654
"Mercedes-Benz",210,96,565,164,555,6.5,141,430,"RWD","E - Executive",4946,1906,1510,"Sedan",1.87180217690159,6.06378520868761,4.94875989037817,5.34710753071747,6.33682573114644
"Mercedes-Benz",210,90.6,858,173,505,4.7,141,430,"AWD","E - Executive",4946,1906,1503,"Sedan",1.54756250871601,6.06378520868761,4.94875989037817,5.34710753071747,6.75460409948796
"Mercedes-Benz",210,90.6,858,207,450,4.2,141,430,"AWD","E - Executive",4964,1906,1495,"Sedan",1.43508452528932,6.06378520868761,4.94875989037817,5.34710753071747,6.75460409948796
"Mercedes-Benz",220,90.6,950,208,450,3.5,141,430,"AWD","E - Executive",4964,1906,1495,"Sedan",1.25276296849537,6.06378520868761,4.94875989037817,5.39362754635236,6.85646198459459
"Mercedes-Benz",210,90.6,550,182,450,7.6,141,520,"RWD","JE - Executive",4863,1940,1685,"SUV",2.02814824729229,6.25382881157547,4.94875989037817,5.34710753071747,6.30991827822652
"Mercedes-Benz",210,90.6,765,189,435,6.6,141,520,"AWD","JE - Executive",4863,1940,1685,"SUV",1.88706964903238,6.25382881157547,4.94875989037817,5.34710753071747,6.63987583382654
"Mercedes-Benz",210,96,565,164,475,6.9,141,520,"RWD","JE - Executive",4863,1940,1685,"SUV",1.93152141160321,6.25382881157547,4.94875989037817,5.34710753071747,6.33682573114644
"Mercedes-Benz",210,96,858,187,455,4.9,141,520,"AWD","JE - Executive",4863,1940,1685,"SUV",1.58923520511658,6.25382881157547,4.94875989037817,5.34710753071747,6.75460409948796
"Mercedes-Benz",210,90.6,858,214,425,4.3,141,520,"AWD","JE - Executive",4879,1940,1672,"SUV",1.45861502269952,6.25382881157547,4.94875989037817,5.34710753071747,6.75460409948796
"Mercedes-Benz",240,90.6,1000,242,420,3.5,141,520,"AWD","JE - Executive",4879,1940,1672,"SUV",1.25276296849537,6.25382881157547,4.94875989037817,5.48063892334199,6.90775527898214
"Mercedes-Benz",210,96,565,165,570,6.7,130,620,"RWD","F - Luxury",5223,1926,1512,"Sedan",1.90210752639692,6.42971947803914,4.86753445045558,5.34710753071747,6.33682573114644
"Mercedes-Benz",210,118,800,180,655,5.7,160,620,"AWD","F - Luxury",5223,1926,1518,"Sedan",1.7404661748405,6.42971947803914,5.07517381523383,5.34710753071747,6.68461172766793
"Mercedes-Benz",210,118,568,173,685,6.2,160,620,"RWD","F - Luxury",5223,1926,1518,"Sedan",1.82454929205105,6.42971947803914,5.07517381523383,5.34710753071747,6.34212141872115
"Mercedes-Benz",210,118,828,180,640,4.9,160,620,"AWD","F - Luxury",5223,1926,1518,"Sedan",1.58923520511658,6.42971947803914,5.07517381523383,5.34710753071747,6.71901315438526
"Mercedes-Benz",210,118,858,180,640,4.4,160,620,"AWD","F - Luxury",5223,1926,1518,"Sedan",1.48160454092422,6.42971947803914,5.07517381523383,5.34710753071747,6.75460409948796
"Mercedes-Benz",250,118,1020,222,585,3.4,160,620,"AWD","F - Luxury",5223,1926,1518,"Sedan",1.22377543162212,6.42971947803914,5.07517381523383,5.52146091786225,6.92755790627832
"Mercedes-Benz",210,118,800,199,530,6.1,160,645,"AWD","JF - Luxury",5125,1959,1718,"SUV",1.80828877117927,6.46925031679577,5.07517381523383,5.34710753071747,6.68461172766793
"Mercedes-Benz",210,118,568,195,540,6.8,160,645,"RWD","JF - Luxury",5125,1959,1718,"SUV",1.91692261218206,6.46925031679577,5.07517381523383,5.34710753071747,6.34212141872115
"Mercedes-Benz",210,118,828,199,530,5.3,160,645,"AWD","JF - Luxury",5125,1959,1718,"SUV",1.66770682055808,6.46925031679577,5.07517381523383,5.34710753071747,6.71901315438526
"Mercedes-Benz",210,118,858,199,530,4.7,160,645,"AWD","JF - Luxury",5125,1959,1718,"SUV",1.54756250871601,6.46925031679577,5.07517381523383,5.34710753071747,6.75460409948796
"Mercedes-Benz",210,118,950,211,490,4.4,160,440,"AWD","JF - Luxury",5125,1959,1725,"SUV",1.48160454092422,6.08677472691231,5.07517381523383,5.34710753071747,6.85646198459459
"Mercedes-Benz",132,45,245,177,220,13.3,50,828,"FWD","N - Passenger Van",4922,1859,1811,"Small Passenger Van",2.58776403522771,6.71901315438526,3.91202300542815,4.88280192258637,5.50125821054473
"Mercedes-Benz",132,45,245,167,225,12.6,50,551,"FWD","N - Passenger Van",4498,1859,1819,"Small Passenger Van",2.53369681395743,6.31173480915291,3.91202300542815,4.88280192258637,5.50125821054473
"Mercedes-Benz",160,60,365,282,210,12,60,1410,"FWD","N - Passenger Van",5370,1928,1911,"Small Passenger Van",2.484906649788,7.25134498337221,4.0943445622221,5.07517381523383,5.89989735358249
"Mercedes-Benz",160,60,365,282,215,12,60,1030,"FWD","N - Passenger Van",5140,1928,1910,"Small Passenger Van",2.484906649788,6.93731408122368,4.0943445622221,5.07517381523383,5.89989735358249
"Mercedes-Benz",140,90,365,249,315,12.2,96,1410,"FWD","N - Passenger Van",5370,1928,1901,"Small Passenger Van",2.50143595173921,7.25134498337221,4.56434819146784,4.9416424226093,5.89989735358249
"Mercedes-Benz",160,90,365,276,320,12.1,96,1030,"FWD","N - Passenger Van",5140,1928,1901,"Small Passenger Van",2.4932054526027,6.93731408122368,4.56434819146784,5.07517381523383,5.89989735358249
"Mercedes-Benz",180,116,1164,267,360,4.7,150,555,"AWD","JF - Luxury",4624,1931,1986,"SUV",1.54756250871601,6.31896811374643,5.01063529409626,5.19295685089021,7.05961762829138
"Mercedes-Benz",160,60,360,254,215,12,60,1390,"FWD","N - Passenger Van",5370,1928,1890,"Small Passenger Van",2.484906649788,7.23705902612474,4.0943445622221,5.07517381523383,5.88610403145016
"Mercedes-Benz",160,60,360,259,220,12,60,990,"FWD","N - Passenger Van",5140,1928,1890,"Small Passenger Van",2.484906649788,6.89770494312864,4.0943445622221,5.07517381523383,5.88610403145016
"Mercedes-Benz",160,90,360,260,325,12.1,96,990,"FWD","N - Passenger Van",5140,1928,1890,"Small Passenger Van",2.4932054526027,6.89770494312864,4.56434819146784,5.07517381523383,5.88610403145016
"Mini",160,38.5,290,129,230,7.9,60,300,"FWD","JB - Compact",4079,1754,1514,"SUV",2.06686275947298,5.7037824746562,4.0943445622221,5.07517381523383,5.66988092298052
"Mini",200,49.2,350,143,280,6.4,75,300,"FWD","JB - Compact",4079,1754,1514,"SUV",1.85629799036563,5.7037824746562,4.31748811353631,5.29831736654804,5.85793315448346
"Mini",170,49.2,330,129,290,7.1,75,300,"FWD","JB - Compact",4079,1754,1514,"SUV",1.96009478404727,5.7037824746562,4.31748811353631,5.13579843705026,5.79909265446053
"Mini",160,36.6,290,125,250,7.3,60,200,"FWD","B - Compact",3858,1756,1460,"Hatchback",1.98787434815435,5.29831736654804,4.0943445622221,5.07517381523383,5.66988092298052
"Mini",200,49.2,350,135,290,5.9,75,200,"FWD","B - Compact",3858,1756,1460,"Hatchback",1.77495235091167,5.29831736654804,4.31748811353631,5.29831736654804,5.85793315448346
"Mini",170,49.2,330,127,330,6.7,75,200,"FWD","B - Compact",3858,1756,1460,"Hatchback",1.90210752639692,5.29831736654804,4.31748811353631,5.13579843705026,5.79909265446053
"Mini",170,64.6,250,140,380,8.6,94,460,"FWD","JC - Medium",4433,1843,1656,"SUV",2.15176220325946,6.13122648948314,4.54329478227,5.13579843705026,5.52146091786225
"Mini",180,64.6,494,149,365,5.6,94,460,"AWD","JC - Medium",4433,1843,1656,"SUV",1.7227665977411,6.13122648948314,4.54329478227,5.19295685089021,6.20253551718792
"NIO",200,90,700,170,435,4.5,135,579,"AWD","JE - Executive",4854,1995,1703,"SUV",1.50407739677627,6.361302477573,4.90527477843843,5.29831736654804,6.5510803350434
"NIO",200,73.5,700,181,365,4.5,110,579,"AWD","JE - Executive",4854,1995,1703,"SUV",1.50407739677627,6.361302477573,4.70048036579242,5.29831736654804,6.5510803350434
"NIO",200,90,850,185,430,3.9,100,570,"AWD","JF - Luxury",4912,1987,1720,"SUV",1.3609765531356,6.3456363608286,4.60517018598809,5.29831736654804,6.74523634948436
"NIO",200,73.5,850,198,355,3.9,110,570,"AWD","JF - Luxury",4912,1987,1720,"SUV",1.3609765531356,6.3456363608286,4.70048036579242,5.29831736654804,6.74523634948436
"NIO",200,90,850,185,440,4.1,190,265,"AWD","JF - Luxury",5099,1989,1750,"SUV",1.41098697371026,5.57972982598622,5.24702407216049,5.29831736654804,6.74523634948436
"NIO",200,73.5,850,196,360,4.1,110,265,"AWD","JF - Luxury",5099,1989,1750,"SUV",1.41098697371026,5.57972982598622,4.70048036579242,5.29831736654804,6.74523634948436
"NIO",200,90,700,167,500,4,100,386,"AWD","E - Executive",4790,1960,1499,"Sedan",1.38629436111989,5.95583736946483,4.60517018598809,5.29831736654804,6.5510803350434
"NIO",200,73.5,700,175,410,4,110,386,"AWD","E - Executive",4790,1960,1499,"Sedan",1.38629436111989,5.95583736946483,4.70048036579242,5.29831736654804,6.5510803350434
"NIO",200,90,700,178,485,4,135,450,"AWD","E - Executive",4790,1960,1499,"Station/Estate",1.38629436111989,6.10924758276437,4.90527477843843,5.29831736654804,6.5510803350434
"NIO",200,73.5,700,169,400,4,110,450,"AWD","E - Executive",4790,1960,1499,"Station/Estate",1.38629436111989,6.10924758276437,4.70048036579242,5.29831736654804,6.5510803350434
"NIO",200,90,850,178,505,3.8,100,363,"AWD","F - Luxury",5101,1987,1509,"Sedan",1.33500106673234,5.89440283426485,4.60517018598809,5.29831736654804,6.74523634948436
"NIO",200,73.5,850,191,415,3.8,110,363,"AWD","F - Luxury",5101,1987,1509,"Sedan",1.33500106673234,5.89440283426485,4.70048036579242,5.29831736654804,6.74523634948436
"Nissan",160,63,300,175,335,7.5,90,468,"FWD","JC - Medium",4595,1850,1660,"SUV",2.01490302054226,6.14846829591765,4.49980967033027,5.07517381523383,5.7037824746562
"Nissan",160,87,300,169,450,7.6,110,468,"FWD","JC - Medium",4595,1850,1660,"SUV",2.02814824729229,6.14846829591765,4.70048036579242,5.07517381523383,5.7037824746562
"Nissan",200,87,600,190,405,5.7,110,415,"AWD","JC - Medium",4595,1850,1660,"SUV",1.7404661748405,6.0282785202307,4.70048036579242,5.29831736654804,6.39692965521615
"Nissan",200,87,600,209,385,5,110,415,"AWD","JC - Medium",4655,1850,1660,"SUV",1.6094379124341,6.0282785202307,4.70048036579242,5.29831736654804,6.39692965521615
"Nissan",132,45,245,158,225,12.6,50,819,"FWD","N - Passenger Van",4488,1860,1838,"Small Passenger Van",2.53369681395743,6.70808408385307,3.91202300542815,4.88280192258637,5.50125821054473
"Nissan",130,45,245,173,220,13.3,50,819,"FWD","N - Passenger Van",4911,1860,1815,"Small Passenger Van",2.58776403522771,6.70808408385307,3.91202300542815,4.86753445045558,5.50125821054473
"Omoda",172,61,340,152,345,7.6,60,380,"FWD","JC - Medium",4424,1830,1588,"SUV",2.02814824729229,5.94017125272043,4.0943445622221,5.14749447681345,5.82894561761021
"Opel",170,50.8,270,128,320,9.2,85,352,"FWD","C - Medium",4374,1860,1470,"Hatchback",2.21920348405499,5.8636311755981,4.44265125649032,5.13579843705026,5.59842195899838
"Opel",170,50.8,270,123,310,9.3,85,516,"FWD","C - Medium",4642,1860,1480,"Station/Estate",2.23001440015921,6.24610676548156,4.44265125649032,5.13579843705026,5.59842195899838
"Opel",135,50,260,149,235,11.3,80,775,"FWD","N - Passenger Van",4410,1921,1812,"Small Passenger Van",2.42480272571829,6.65286302935335,4.38202663467388,4.90527477843843,5.56068163101553
"Opel",135,50,260,149,230,11.3,80,1050,"FWD","N - Passenger Van",4760,1921,1818,"Small Passenger Van",2.42480272571829,6.95654544315157,4.38202663467388,4.90527477843843,5.56068163101553
"Opel",150,46.3,260,131,290,8.7,78,267,"FWD","B - Compact",4061,1765,1435,"Hatchback",2.16332302566054,5.58724865840025,4.35670882668959,5.01063529409626,5.56068163101553
"Opel",150,48.1,260,120,315,8.1,80,267,"FWD","B - Compact",4061,1765,1435,"Hatchback",2.09186406167839,5.58724865840025,4.38202663467388,5.01063529409626,5.56068163101553
"Opel",140,44,120,144,245,12.1,60,460,"FWD","JB - Compact",4385,1795,1635,"SUV",2.4932054526027,6.13122648948314,4.0943445622221,4.9416424226093,4.78749174278205
"Opel",170,73,260,145,365,9,90,550,"FWD","JC - Medium",4650,1934,1665,"SUV",2.19722457733622,6.30991827822652,4.49980967033027,5.13579843705026,5.56068163101553
"Opel",170,82.2,260,146,410,9,100,550,"FWD","JC - Medium",4650,1934,1665,"SUV",2.19722457733622,6.30991827822652,4.60517018598809,5.13579843705026,5.56068163101553
"Opel",150,50.8,260,126,285,9,85,310,"FWD","JB - Compact",4151,1790,1534,"SUV",2.19722457733622,5.73657229747919,4.44265125649032,5.01063529409626,5.56068163101553
"Opel",130,46.3,270,217,180,13.3,78,603,"FWD","N - Passenger Van",4983,1920,1890,"Small Passenger Van",2.58776403522771,6.40191719672719,4.35670882668959,4.86753445045558,5.59842195899838
"Opel",130,68,270,202,260,14.2,79,603,"FWD","N - Passenger Van",4983,1920,1890,"Small Passenger Van",2.65324196460721,6.40191719672719,4.36944785246702,4.86753445045558,5.59842195899838
"Opel",130,46.3,270,219,180,13.3,78,989,"FWD","N - Passenger Van",5333,1920,1890,"Small Passenger Van",2.58776403522771,6.89669433162271,4.35670882668959,4.86753445045558,5.59842195899838
"Opel",130,68,260,204,260,14.2,79,989,"FWD","N - Passenger Van",5333,1920,1890,"Small Passenger Van",2.65324196460721,6.89669433162271,4.36944785246702,4.86753445045558,5.56068163101553
"Peugeot",150,46.3,260,136,270,9.9,78,434,"FWD","JB - Compact",4304,1775,1523,"SUV",2.29253475714054,6.07304453410041,4.35670882668959,5.01063529409626,5.56068163101553
"Peugeot",150,50.8,260,125,300,9.1,85,434,"FWD","JB - Compact",4304,1775,1523,"SUV",2.2082744135228,6.07304453410041,4.44265125649032,5.01063529409626,5.56068163101553
"Peugeot",150,46.3,260,132,290,9,78,265,"FWD","B - Compact",4055,1765,1430,"Hatchback",2.19722457733622,5.57972982598622,4.35670882668959,5.01063529409626,5.56068163101553
"Peugeot",150,48.1,260,120,310,8.2,80,265,"FWD","B - Compact",4055,1765,1430,"Hatchback",2.10413415427021,5.57972982598622,4.38202663467388,5.01063529409626,5.56068163101553
"Peugeot",170,73,345,143,380,8.8,90,588,"FWD","JC - Medium",4542,1895,1641,"SUV",2.17475172148416,6.37672694789863,4.49980967033027,5.13579843705026,5.84354441703136
"Peugeot",170,73,511,195,375,6.4,90,588,"AWD","JC - Medium",4542,1895,1641,"SUV",1.85629799036563,6.37672694789863,4.49980967033027,5.13579843705026,6.2363695902037
"Peugeot",170,96.9,345,145,500,8.7,135,588,"FWD","JC - Medium",4542,1895,1641,"SUV",2.16332302566054,6.37672694789863,4.90527477843843,5.13579843705026,5.84354441703136
"Peugeot",170,50.8,260,124,300,9.8,80,412,"FWD","C - Medium",4367,1852,1441,"Hatchback",2.28238238567653,6.02102334934953,4.38202663467388,5.13579843705026,5.56068163101553
"Peugeot",150,50.8,260,127,300,10,80,608,"FWD","C - Medium",4636,1852,1442,"Station/Estate",2.30258509299405,6.41017488196617,4.38202663467388,5.01063529409626,5.56068163101553
"Peugeot",160,58.3,345,129,375,7.2,70,471,"FWD","JD - Large",4687,1859,1478,"SUV",1.97408102602201,6.15485809401642,4.24849524204936,5.07517381523383,5.84354441703136
"Peugeot",170,73,345,150,370,9.7,90,348,"FWD","JD - Large",4791,1895,1694,"SUV",2.27212588550934,5.85220247977447,4.49980967033027,5.13579843705026,5.84354441703136
"Peugeot",170,73,511,203,360,7,90,348,"AWD","JD - Large",4791,1895,1694,"SUV",1.94591014905531,5.85220247977447,4.49980967033027,5.13579843705026,6.2363695902037
"Peugeot",170,96.9,345,152,485,9.6,135,348,"FWD","JD - Large",4791,1895,1694,"SUV",2.26176309847379,5.85220247977447,4.90527477843843,5.13579843705026,5.84354441703136
"Peugeot",132,50,270,152,235,11.7,80,775,"FWD","N - Passenger Van",4403,1921,1818,"Small Passenger Van",2.45958884180371,6.65286302935335,4.38202663467388,4.88280192258637,5.59842195899838
"Peugeot",132,50,270,153,230,11.7,80,1050,"FWD","N - Passenger Van",4755,1921,1837,"Small Passenger Van",2.45958884180371,6.95654544315157,4.38202663467388,4.88280192258637,5.59842195899838
"Peugeot",130,46.3,270,217,180,13.3,78,603,"FWD","N - Passenger Van",4983,1920,1890,"Small Passenger Van",2.58776403522771,6.40191719672719,4.35670882668959,4.86753445045558,5.59842195899838
"Peugeot",130,68,270,202,260,14.2,79,603,"FWD","N - Passenger Van",4983,1920,1890,"Small Passenger Van",2.65324196460721,6.40191719672719,4.36944785246702,4.86753445045558,5.59842195899838
"Peugeot",130,46.3,270,219,180,13.3,78,989,"FWD","N - Passenger Van",5333,1920,1890,"Small Passenger Van",2.58776403522771,6.89669433162271,4.35670882668959,4.86753445045558,5.59842195899838
"Peugeot",130,68,270,204,260,14.2,79,989,"FWD","N - Passenger Van",5333,1920,1890,"Small Passenger Van",2.65324196460721,6.89669433162271,4.36944785246702,4.86753445045558,5.59842195899838
"Polestar",205,79,740,142,455,4.5,125,407,"AWD","D - Large",4606,1859,1479,"Liftback Sedan",1.50407739677627,6.00881318544259,4.8283137373023,5.32300997913841,6.60665018619822
"Polestar",205,79,740,142,450,4.2,125,407,"AWD","D - Large",4606,1859,1473,"Liftback Sedan",1.43508452528932,6.00881318544259,4.8283137373023,5.32300997913841,6.60665018619822
"Polestar",205,79,490,130,475,6.2,125,407,"RWD","D - Large",4606,1859,1479,"Liftback Sedan",1.82454929205105,6.00881318544259,4.8283137373023,5.32300997913841,6.19440539110467
"Polestar",205,67,490,129,405,6.4,110,407,"RWD","D - Large",4606,1859,1479,"Liftback Sedan",1.85629799036563,6.00881318544259,4.70048036579242,5.32300997913841,6.19440539110467
"Polestar",210,107,840,183,515,5,150,484,"AWD","JE - Executive",4900,1968,1614,"SUV",1.6094379124341,6.18208490671663,5.01063529409626,5.34710753071747,6.73340189183736
"Polestar",210,107,910,194,495,4.7,150,484,"AWD","JE - Executive",4900,1968,1614,"SUV",1.54756250871601,6.18208490671663,5.01063529409626,5.34710753071747,6.8134445995109
"Polestar",180,107,490,166,530,7.8,150,484,"RWD","JE - Executive",4900,1968,1614,"SUV",2.05412373369555,6.18208490671663,5.01063529409626,5.19295685089021,6.19440539110467
"Polestar",200,94,686,165,485,3.8,135,526,"AWD","E - Executive",4839,2008,1544,"Liftback Sedan",1.33500106673234,6.26530121273771,4.90527477843843,5.29831736654804,6.53087762772588
"Polestar",180,94,343,157,495,7.4,135,526,"RWD","E - Executive",4839,2008,1544,"Liftback Sedan",2.00148000021012,6.26530121273771,4.90527477843843,5.19295685089021,5.83773044716594
"Porsche",220,95,650,184,470,5.2,200,540,"AWD","JD - Large",4784,1938,1622,"SUV",1.64865862558738,6.29156913955832,5.29831736654804,5.39362754635236,6.47697236288968
"Porsche",240,95,820,186,470,4.1,200,540,"AWD","JD - Large",4784,1938,1622,"SUV",1.41098697371026,6.29156913955832,5.29831736654804,5.48063892334199,6.7093043402583
"Porsche",220,95,563,177,495,5.7,200,540,"RWD","JD - Large",4784,1938,1623,"SUV",1.7404661748405,6.29156913955832,5.29831736654804,5.39362754635236,6.33327962813969
"Porsche",260,95,1001,183,460,3.3,200,480,"AWD","JD - Large",4784,1938,1621,"SUV",1.19392246847243,6.17378610390194,5.29831736654804,5.56068163101553,6.90875477931522
"Porsche",230,82.3,410,164,495,4.8,195,407,"RWD","F - Luxury",4963,1966,1379,"Sedan",1.56861591791385,6.00881318544259,5.27299955856375,5.4380793089232,6.01615715969835
"Porsche",230,82.3,585,172,490,4.6,195,407,"AWD","F - Luxury",4963,1966,1379,"Sedan",1.52605630349505,6.00881318544259,5.27299955856375,5.4380793089232,6.37161184723186
"Porsche",220,97,610,188,510,4.7,281,446,"AWD","F - Luxury",4974,1967,1409,"Station/Estate",1.54756250871601,6.10031895202006,5.63835466933375,5.39362754635236,6.41345895716736
"Porsche",230,97,610,175,565,4.6,281,407,"AWD","F - Luxury",4963,1966,1379,"Sedan",1.52605630349505,6.00881318544259,5.63835466933375,5.4380793089232,6.41345895716736
"Porsche",250,82.3,695,174,490,3.7,195,407,"AWD","F - Luxury",4963,1966,1379,"Sedan",1.30833281965018,6.00881318544259,5.27299955856375,5.52146091786225,6.54391184556479
"Porsche",240,97,710,188,510,3.8,281,446,"AWD","F - Luxury",4974,1967,1409,"Station/Estate",1.33500106673234,6.10031895202006,5.63835466933375,5.48063892334199,6.56526497003536
"Porsche",250,97,710,177,565,3.7,281,407,"AWD","F - Luxury",4963,1966,1379,"Sedan",1.30833281965018,6.00881318544259,5.63835466933375,5.52146091786225,6.56526497003536
"Porsche",250,97,710,186,510,3.7,281,446,"AWD","F - Luxury",4963,1966,1390,"Station/Estate",1.30833281965018,6.10031895202006,5.63835466933375,5.52146091786225,6.56526497003536
"Porsche",250,82.3,695,183,440,3.7,195,446,"AWD","F - Luxury",4963,1966,1390,"Station/Estate",1.30833281965018,6.10031895202006,5.27299955856375,5.52146091786225,6.54391184556479
"Porsche",250,97,790,176,535,3.3,281,366,"AWD","F - Luxury",4963,1966,1381,"Sedan",1.19392246847243,5.90263333340137,5.63835466933375,5.52146091786225,6.67203294546107
"Porsche",250,97,790,185,505,3.3,281,405,"AWD","F - Luxury",4963,1966,1392,"Station/Estate",1.19392246847243,6.00388706710654,5.63835466933375,5.52146091786225,6.67203294546107
"Porsche",230,97,420,168,575,4.8,281,407,"RWD","F - Luxury",4963,1966,1379,"Sedan",1.56861591791385,6.00881318544259,5.63835466933375,5.4380793089232,6.04025471127741
"Porsche",230,97,420,176,530,4.8,281,446,"RWD","F - Luxury",4963,1966,1390,"Station/Estate",1.56861591791385,6.10031895202006,5.63835466933375,5.4380793089232,6.04025471127741
"Porsche",230,82.3,410,173,460,4.8,195,446,"RWD","F - Luxury",4963,1966,1390,"Station/Estate",1.56861591791385,6.10031895202006,5.27299955856375,5.4380793089232,6.01615715969835
"Porsche",260,97,940,174,535,2.7,281,366,"AWD","F - Luxury",4963,1966,1379,"Sedan",0.993251773010283,5.90263333340137,5.63835466933375,5.56068163101553,6.84587987526405
"Porsche",250,97,940,188,495,2.8,281,405,"AWD","F - Luxury",4974,1967,1412,"Station/Estate",1.02961941718116,6.00388706710654,5.63835466933375,5.52146091786225,6.84587987526405
"Porsche",290,97,1340,184,475,2.3,281,326,"AWD","F - Luxury",4968,1966,1378,"Sedan",0.832909122935104,5.78689738136671,5.63835466933375,5.66988092298052,7.20042489294496
"Porsche",305,97,1340,180,475,2.2,281,367,"AWD","F - Luxury",4968,1966,1378,"Sedan",0.78845736036427,5.90536184805457,5.63835466933375,5.72031177660741,7.20042489294496
"Porsche",260,97,1110,174,525,2.4,281,366,"AWD","F - Luxury",4963,1966,1378,"Sedan",0.8754687373539,5.90263333340137,5.63835466933375,5.56068163101553,7.01211529430638
"Porsche",250,97,1110,188,485,2.5,281,405,"AWD","F - Luxury",4974,1967,1407,"Station/Estate",0.916290731874155,6.00388706710654,5.63835466933375,5.52146091786225,7.01211529430638
"Porsche",260,97,1110,183,505,2.4,281,405,"AWD","F - Luxury",4963,1966,1388,"Station/Estate",0.8754687373539,6.00388706710654,5.63835466933375,5.56068163101553,7.01211529430638
"Porsche",260,97,940,184,505,2.7,281,405,"AWD","F - Luxury",4963,1966,1392,"Station/Estate",0.993251773010283,6.00388706710654,5.63835466933375,5.56068163101553,6.84587987526405
"Renault",150,40,225,124,245,9.2,55,420,"FWD","JB - Compact",4143,1796,1552,"SUV",2.21920348405499,6.04025471127741,4.00733318523247,5.01063529409626,5.41610040220442
"Renault",150,52,245,127,315,8.2,70,420,"FWD","JB - Compact",4143,1796,1552,"SUV",2.10413415427021,6.04025471127741,4.24849524204936,5.01063529409626,5.50125821054473
"Renault",150,40,225,132,250,9,55,326,"FWD","B - Compact",3922,1808,1489,"Hatchback",2.19722457733622,5.78689738136671,4.00733318523247,5.01063529409626,5.41610040220442
"Renault",130,40,215,129,255,12,NA,326,"FWD","B - Compact",3922,1808,1489,"Hatchback",2.484906649788,5.78689738136671,NA,4.86753445045558,5.37063802812766
"Renault",150,52,245,129,320,8,70,326,"FWD","B - Compact",3922,1808,1489,"Hatchback",2.07944154167984,5.78689738136671,4.24849524204936,5.01063529409626,5.50125821054473
"Renault",135,45,245,158,225,12.6,50,950,"FWD","N - Passenger Van",4486,1860,1838,"Small Passenger Van",2.53369681395743,6.85646198459459,3.91202300542815,4.90527477843843,5.50125821054473
"Renault",130,45,245,170,220,13.3,50,500,"FWD","N - Passenger Van",4911,1860,1815,"Small Passenger Van",2.58776403522771,6.21460809842219,3.91202300542815,4.86753445045558,5.50125821054473
"Renault",150,60,250,125,380,10.5,88,440,"FWD","C - Medium",4200,1860,1505,"Hatchback",2.35137525716348,6.08677472691231,4.47733681447821,5.01063529409626,5.52146091786225
"Renault",160,60,300,133,380,7.4,88,440,"FWD","C - Medium",4200,1860,1505,"Hatchback",2.00148000021012,6.08677472691231,4.47733681447821,5.07517381523383,5.7037824746562
"Renault",150,60,280,144,340,8.6,75,545,"FWD","JC - Medium",4470,1864,1571,"SUV",2.15176220325946,6.30078579466324,4.31748811353631,5.01063529409626,5.63478960316925
"Renault",170,87,300,143,480,7.9,95,545,"FWD","JC - Medium",4470,1864,1571,"SUV",2.06686275947298,6.30078579466324,4.55387689160054,5.13579843705026,5.7037824746562
"Rolls-Royce",250,102,900,192,465,4.5,126,380,"AWD","I - Luxury",5453,2080,1559,"Coupe",1.50407739677627,5.94017125272043,4.83628190695148,5.52146091786225,6.80239476332431
"Skoda",160,52,310,149,310,9,90,470,"RWD","JC - Medium",4488,1884,1625,"SUV",2.19722457733622,6.1527326947041,4.49980967033027,5.07517381523383,5.73657229747919
"Skoda",160,59,310,149,350,8.5,110,470,"RWD","JC - Medium",4488,1884,1625,"SUV",2.14006616349627,6.1527326947041,4.70048036579242,5.07517381523383,5.73657229747919
"Skoda",180,77,545,145,450,6.6,120,470,"RWD","JC - Medium",4488,1884,1625,"SUV",1.88706964903238,6.1527326947041,4.78749174278205,5.19295685089021,6.30078579466324
"Skoda",180,79,679,151,450,5.4,135,470,"AWD","JC - Medium",4488,1884,1608,"SUV",1.68639895357023,6.1527326947041,4.90527477843843,5.19295685089021,6.5206211275587
"Skoda",160,59,310,145,360,8.1,110,585,"RWD","JC - Medium",4658,1879,1622,"SUV",2.09186406167839,6.37161184723186,4.70048036579242,5.07517381523383,5.73657229747919
"Skoda",180,77,545,141,455,6.7,120,585,"RWD","JC - Medium",4658,1879,1622,"SUV",1.90210752639692,6.37161184723186,4.78749174278205,5.19295685089021,6.30078579466324
"Skoda",180,77,679,150,450,6.7,120,585,"AWD","JC - Medium",4658,1879,1620,"SUV",1.90210752639692,6.37161184723186,4.78749174278205,5.19295685089021,6.5206211275587
"Skoda",160,59,310,141,370,8.1,110,570,"RWD","JC - Medium",4658,1879,1623,"SUV",2.09186406167839,6.3456363608286,4.70048036579242,5.07517381523383,5.73657229747919
"Skoda",180,77,545,138,470,6.7,120,570,"RWD","JC - Medium",4658,1879,1623,"SUV",1.90210752639692,6.3456363608286,4.78749174278205,5.19295685089021,6.30078579466324
"Skoda",180,77,679,146,460,6.7,120,570,"AWD","JC - Medium",4658,1879,1621,"SUV",1.90210752639692,6.3456363608286,4.78749174278205,5.19295685089021,6.5206211275587
"Skoda",180,79,679,143,470,5.4,135,570,"AWD","JC - Medium",4660,1879,1608,"SUV",1.68639895357023,6.3456363608286,4.90527477843843,5.19295685089021,6.5206211275587
"Skoda",180,79,679,147,460,5.4,135,585,"AWD","JC - Medium",4660,1879,1607,"SUV",1.68639895357023,6.37161184723186,4.90527477843843,5.19295685089021,6.5206211275587
"Skywell",150,81,320,166,390,9.6,50,467,"FWD","JD - Large",4720,1908,1696,"SUV",2.26176309847379,6.1463292576689,3.91202300542815,5.01063529409626,5.76832099579377
"Skywell",150,68,320,149,330,9.6,50,467,"FWD","JD - Large",4720,1908,1696,"SUV",2.26176309847379,6.1463292576689,3.91202300542815,5.01063529409626,5.76832099579377
"Smart",180,62,584,155,325,3.9,100,313,"AWD","JB - Compact",4300,1822,1636,"SUV",1.3609765531356,5.74620319054015,4.60517018598809,5.19295685089021,6.36990098282823
"Smart",180,62,343,141,335,6.7,100,323,"RWD","JB - Compact",4270,1822,1636,"SUV",1.90210752639692,5.77765232322266,4.60517018598809,5.19295685089021,5.83773044716594
"Smart",180,47,343,152,250,6.7,65,323,"RWD","JB - Compact",4270,1822,1636,"SUV",1.90210752639692,5.77765232322266,4.17438726989564,5.19295685089021,5.83773044716594
"Smart",180,62,343,148,335,6.7,100,323,"RWD","JB - Compact",4270,1822,1636,"SUV",1.90210752639692,5.77765232322266,4.60517018598809,5.19295685089021,5.83773044716594
"Smart",180,62,584,155,325,4.5,100,313,"AWD","JB - Compact",4300,1822,1636,"SUV",1.50407739677627,5.74620319054015,4.60517018598809,5.19295685089021,6.36990098282823
"Smart",180,47,343,152,250,6.7,65,323,"RWD","JB - Compact",4270,1822,1636,"SUV",1.90210752639692,5.77765232322266,4.17438726989564,5.19295685089021,5.83773044716594
"Smart",180,62,343,148,335,6.7,100,323,"RWD","JB - Compact",4270,1822,1636,"SUV",1.90210752639692,5.77765232322266,4.60517018598809,5.19295685089021,5.83773044716594
"Smart",180,62,543,149,335,3.7,100,370,"AWD","JB - Compact",4400,1844,1556,"SUV",1.30833281965018,5.91350300563827,4.60517018598809,5.19295685089021,6.29710931993394
"Smart",180,62,343,136,355,5.8,110,370,"RWD","JB - Compact",4400,1844,1556,"SUV",1.75785791755237,5.91350300563827,4.70048036579242,5.19295685089021,5.83773044716594
"Smart",180,47,343,145,265,5.9,65,370,"RWD","JB - Compact",4400,1844,1556,"SUV",1.77495235091167,5.91350300563827,4.17438726989564,5.19295685089021,5.83773044716594
"Smart",180,62,343,143,355,5.8,110,370,"RWD","JB - Compact",4400,1844,1556,"SUV",1.75785791755237,5.91350300563827,4.70048036579242,5.19295685089021,5.83773044716594
"Smart",210,94,710,174,450,3.8,230,630,"AWD","JD - Large",4695,1920,1705,"SUV",1.33500106673234,6.44571981938558,5.4380793089232,5.34710753071747,6.56526497003536
"Smart",200,94,373,159,465,6.5,230,630,"RWD","JD - Large",4695,1920,1705,"SUV",1.87180217690159,6.44571981938558,5.4380793089232,5.29831736654804,5.92157841964382
"Smart",200,74.4,373,160,370,6.9,110,630,"RWD","JD - Large",4695,1920,1705,"SUV",1.93152141160321,6.44571981938558,4.70048036579242,5.29831736654804,5.92157841964382
"Smart",200,94,373,159,465,6.5,230,630,"RWD","JD - Large",4695,1920,1705,"SUV",1.87180217690159,6.44571981938558,5.4380793089232,5.29831736654804,5.92157841964382
"Smart",200,94,643,174,455,4.9,230,630,"AWD","JD - Large",4695,1920,1705,"SUV",1.58923520511658,6.44571981938558,5.4380793089232,5.29831736654804,6.46614472423762
"Smart",200,94,643,174,455,4.9,230,630,"AWD","JD - Large",4695,1920,1705,"SUV",1.58923520511658,6.44571981938558,5.4380793089232,5.29831736654804,6.46614472423762
"Subaru",160,64,336,154,320,6.9,100,441,"AWD","JC - Medium",4690,1860,1650,"SUV",1.93152141160321,6.08904487544685,4.60517018598809,5.07517381523383,5.8171111599632
"Tesla",201,75,493,119,525,4.4,124,594,"AWD","D - Large",4720,1849,1441,"Sedan",1.48160454092422,6.38687931936265,4.82028156560504,5.30330490805908,6.20050917404269
"Tesla",201,75,450,117,545,5.2,124,594,"RWD","D - Large",4720,1849,1441,"Sedan",1.64865862558738,6.38687931936265,4.82028156560504,5.30330490805908,6.10924758276437
"Tesla",262,75,741,142,490,3.2,124,594,"AWD","D - Large",4720,1849,1431,"Sedan",1.16315080980568,6.38687931936265,4.82028156560504,5.5683445037611,6.60800062529609
"Tesla",201,60.5,420,116,445,6.1,110,594,"RWD","D - Large",4720,1849,1441,"Sedan",1.80828877117927,6.38687931936265,4.70048036579242,5.30330490805908,6.04025471127741
"Tesla",250,95,NA,150,575,3.2,140,709,"AWD","F - Luxury",5021,1987,1431,"Liftback Sedan",1.16315080980568,6.56385552653213,4.9416424226093,5.52146091786225,NA
"Tesla",282,95,NA,158,560,2.3,140,709,"AWD","F - Luxury",5021,1987,1431,"Liftback Sedan",0.832909122935104,6.56385552653213,4.9416424226093,5.64190707093811,NA
"Tesla",250,95,NA,165,485,3.9,140,425,"AWD","JF - Luxury",5057,1999,1680,"SUV",1.3609765531356,6.05208916892442,4.9416424226093,5.52146091786225,NA
"Tesla",262,95,NA,180,465,2.7,140,425,"AWD","JF - Luxury",5057,1999,1680,"SUV",0.993251773010283,6.05208916892442,4.9416424226093,5.5683445037611,NA
"Tesla",201,75,493,132,455,4.8,124,854,"AWD","JD - Large",4790,1982,1624,"SUV",1.56861591791385,6.74993119378857,4.82028156560504,5.30330490805908,6.20050917404269
"Tesla",201,75,450,121,470,5.6,124,854,"RWD","JD - Large",4790,1982,1624,"SUV",1.7227665977411,6.74993119378857,4.82028156560504,5.30330490805908,6.10924758276437
"Tesla",201,60.5,420,121,375,5.9,110,854,"RWD","JD - Large",4790,1982,1624,"SUV",1.77495235091167,6.74993119378857,4.70048036579242,5.30330490805908,6.04025471127741
"Toyota",130,68,260,204,260,13.3,79,989,"FWD","N - Passenger Van",5333,1920,1890,"Small Passenger Van",2.58776403522771,6.89669433162271,4.36944785246702,4.86753445045558,5.56068163101553
"Toyota",130,46.3,260,217,180,12.1,78,603,"FWD","N - Passenger Van",4983,1920,1890,"Small Passenger Van",2.4932054526027,6.40191719672719,4.35670882668959,4.86753445045558,5.56068163101553
"Toyota",130,68,260,202,260,13.3,79,603,"FWD","N - Passenger Van",4983,1920,1890,"Small Passenger Van",2.58776403522771,6.40191719672719,4.36944785246702,4.86753445045558,5.56068163101553
"Toyota",132,50,260,149,235,11.7,80,775,"FWD","N - Passenger Van",4403,1921,1803,"Small Passenger Van",2.45958884180371,6.65286302935335,4.38202663467388,4.88280192258637,5.56068163101553
"Toyota",132,50,260,149,230,11.7,80,1050,"FWD","N - Passenger Van",4753,1921,1814,"Small Passenger Van",2.45958884180371,6.95654544315157,4.38202663467388,4.88280192258637,5.56068163101553
"Toyota",160,64,336,154,345,6.9,100,452,"AWD","JC - Medium",4690,1860,1600,"SUV",1.93152141160321,6.11368217983223,4.60517018598809,5.07517381523383,5.8171111599632
"Toyota",160,64,265,145,350,7.5,100,452,"FWD","JC - Medium",4690,1860,1600,"SUV",2.01490302054226,6.11368217983223,4.60517018598809,5.07517381523383,5.57972982598622
"VinFast",200,87.7,500,186,405,5.9,120,376,"AWD","JD - Large",4750,1934,1667,"SUV",1.77495235091167,5.92958914338989,4.78749174278205,5.29831736654804,6.21460809842219
"VinFast",200,87.7,620,196,400,5.5,120,376,"AWD","JD - Large",4750,1934,1667,"SUV",1.70474809223843,5.92958914338989,4.78749174278205,5.29831736654804,6.42971947803914
"Volkswagen",160,86,560,182,350,6.5,145,1340,"AWD","N - Passenger Van",4960,1985,1927,"Small Passenger Van",1.87180217690159,7.20042489294496,4.97673374242057,5.07517381523383,6.32793678372919
"Volkswagen",160,86,560,190,370,7.9,145,1340,"RWD","N - Passenger Van",4962,1985,1924,"Small Passenger Van",2.06686275947298,7.20042489294496,4.97673374242057,5.07517381523383,6.32793678372919
"Volkswagen",160,79,560,194,330,6.5,135,1121,"AWD","N - Passenger Van",4712,1985,1925,"Small Passenger Van",1.87180217690159,7.02197642307216,4.90527477843843,5.07517381523383,6.32793678372919
"Volkswagen",160,79,560,187,360,7.6,135,1121,"RWD","N - Passenger Van",4712,1985,1927,"Small Passenger Van",2.02814824729229,7.02197642307216,4.90527477843843,5.07517381523383,6.32793678372919
"Volkswagen",145,59,310,178,275,10.7,110,1121,"RWD","N - Passenger Van",4712,1985,1927,"Small Passenger Van",2.37024374146786,7.02197642307216,4.70048036579242,4.97673374242057,5.73657229747919
"Volkswagen",180,79,545,131,470,5.9,135,385,"RWD","C - Medium",4322,1809,1538,"Hatchback",1.77495235091167,5.95324333428778,4.90527477843843,5.19295685089021,6.30078579466324
"Volkswagen",200,79,545,131,465,5.6,135,385,"RWD","C - Medium",4322,1809,1538,"Hatchback",1.7227665977411,5.95324333428778,4.90527477843843,5.29831736654804,6.30078579466324
"Volkswagen",160,59,310,136,365,7.6,110,385,"RWD","C - Medium",4264,1809,1564,"Hatchback",2.02814824729229,5.95324333428778,4.70048036579242,5.07517381523383,5.73657229747919
"Volkswagen",160,77,310,138,465,7.1,120,385,"RWD","C - Medium",4264,1809,1564,"Hatchback",1.96009478404727,5.95324333428778,4.78749174278205,5.07517381523383,5.73657229747919
"Volkswagen",160,52,310,134,325,8.2,90,385,"RWD","C - Medium",4264,1809,1564,"Hatchback",2.10413415427021,5.95324333428778,4.49980967033027,5.07517381523383,5.73657229747919
"Volkswagen",180,77,679,152,420,5.4,120,543,"AWD","JC - Medium",4584,1852,1631,"SUV",1.68639895357023,6.29710931993394,4.78749174278205,5.19295685089021,6.5206211275587
"Volkswagen",180,77,545,149,445,6.7,120,543,"RWD","JC - Medium",4584,1852,1631,"SUV",1.90210752639692,6.29710931993394,4.78749174278205,5.19295685089021,6.30078579466324
"Volkswagen",180,77,679,155,435,6.6,120,543,"AWD","JC - Medium",4584,1852,1631,"SUV",1.88706964903238,6.29710931993394,4.78749174278205,5.19295685089021,6.5206211275587
"Volkswagen",160,52,310,143,285,9,87,543,"RWD","JC - Medium",4584,1852,1640,"SUV",2.19722457733622,6.29710931993394,4.46590811865458,5.07517381523383,5.73657229747919
"Volkswagen",180,77,679,144,430,5.5,120,549,"AWD","JC - Medium",4599,1852,1615,"SUV",1.70474809223843,6.30809844150953,4.78749174278205,5.19295685089021,6.5206211275587
"Volkswagen",180,77,545,138,460,6.7,120,549,"RWD","JC - Medium",4599,1852,1615,"SUV",1.90210752639692,6.30809844150953,4.78749174278205,5.19295685089021,6.30078579466324
"Volkswagen",160,52,310,142,320,8.9,87,549,"RWD","JC - Medium",4599,1852,1615,"SUV",2.18605127673809,6.30809844150953,4.46590811865458,5.07517381523383,5.73657229747919
"Volkswagen",180,86,560,145,500,5.4,145,532,"AWD","E - Executive",4961,1862,1536,"Liftback Sedan",1.68639895357023,6.27664348934164,4.97673374242057,5.19295685089021,6.32793678372919
"Volkswagen",180,77,550,132,475,6.5,125,532,"RWD","E - Executive",4961,1862,1536,"Liftback Sedan",1.87180217690159,6.27664348934164,4.8283137373023,5.19295685089021,6.30991827822652
"Volkswagen",180,86,550,133,525,6.6,145,532,"RWD","E - Executive",4961,1862,1536,"Liftback Sedan",1.88706964903238,6.27664348934164,4.97673374242057,5.19295685089021,6.30991827822652
"Volkswagen",180,86,560,147,500,5.5,145,605,"AWD","E - Executive",4961,1862,1536,"Station/Estate",1.70474809223843,6.40522845803084,4.97673374242057,5.19295685089021,6.32793678372919
"Volkswagen",180,77,550,146,470,6.6,125,605,"RWD","E - Executive",4961,1862,1536,"Station/Estate",1.88706964903238,6.40522845803084,4.8283137373023,5.19295685089021,6.30991827822652
"Volkswagen",180,86,550,125,520,6.7,145,605,"RWD","E - Executive",4961,1862,1536,"Station/Estate",1.90210752639692,6.40522845803084,4.97673374242057,5.19295685089021,6.30991827822652
"Volvo",180,67,420,151,360,7.3,110,404,"RWD","JC - Medium",4440,1873,1596,"SUV",1.98787434815435,6.00141487796115,4.70048036579242,5.19295685089021,6.04025471127741
"Volvo",180,79,420,146,420,7.3,125,404,"RWD","JC - Medium",4440,1873,1596,"SUV",1.98787434815435,6.00141487796115,4.8283137373023,5.19295685089021,6.04025471127741
"Volvo",180,79,670,155,400,4.8,125,404,"AWD","JC - Medium",4440,1873,1596,"SUV",1.56861591791385,6.00141487796115,4.8283137373023,5.19295685089021,6.50727771238501
"Volvo",180,79,670,155,400,4.6,125,404,"AWD","JC - Medium",4440,1873,1596,"SUV",1.52605630349505,6.00141487796115,4.8283137373023,5.19295685089021,6.50727771238501
"Volvo",180,88,480,135,485,6.9,190,446,"RWD","F - Luxury",5000,1942,1546,"Liftback Sedan",1.93152141160321,6.10031895202006,5.24702407216049,5.19295685089021,6.17378610390194
"Volvo",180,102,670,146,530,5.5,225,446,"AWD","F - Luxury",5000,1942,1546,"Liftback Sedan",1.70474809223843,6.10031895202006,5.41610040220442,5.19295685089021,6.50727771238501
"Volvo",180,102,870,146,530,4,225,446,"AWD","F - Luxury",5000,1942,1546,"Liftback Sedan",1.38629436111989,6.10031895202006,5.41610040220442,5.19295685089021,6.76849321164863
"Volvo",180,65,543,152,330,3.7,114,318,"AWD","JB - Compact",4233,1837,1573,"SUV",1.30833281965018,5.76205138278018,4.7361984483945,5.19295685089021,6.29710931993394
"Volvo",180,49,343,147,275,5.7,80,318,"RWD","JB - Compact",4233,1837,1549,"SUV",1.7404661748405,5.76205138278018,4.38202663467388,5.19295685089021,5.83773044716594
"Volvo",180,65,343,138,365,5.3,113,318,"RWD","JB - Compact",4233,1837,1549,"SUV",1.66770682055808,5.76205138278018,4.72738781871234,5.19295685089021,5.83773044716594
"Volvo",180,65,543,145,340,3.6,113,318,"AWD","JB - Compact",4233,1837,1549,"SUV",1.28093384546206,5.76205138278018,4.72738781871234,5.19295685089021,6.29710931993394
"Volvo",180,67,420,154,345,7.3,110,410,"RWD","JC - Medium",4440,1863,1652,"SUV",1.98787434815435,6.01615715969835,4.70048036579242,5.19295685089021,6.04025471127741
"Volvo",180,79,420,152,400,7.3,125,410,"RWD","JC - Medium",4440,1863,1652,"SUV",1.98787434815435,6.01615715969835,4.8283137373023,5.19295685089021,6.04025471127741
"Volvo",180,79,670,163,385,4.8,125,410,"AWD","JC - Medium",4440,1863,1652,"SUV",1.56861591791385,6.01615715969835,4.8283137373023,5.19295685089021,6.50727771238501
"Volvo",180,79,670,163,385,4.6,125,410,"AWD","JC - Medium",4440,1863,1652,"SUV",1.52605630349505,6.01615715969835,4.8283137373023,5.19295685089021,6.50727771238501
"Volvo",180,100,490,182,460,8.4,140,310,"RWD","JF - Luxury",5037,1964,1744,"SUV",2.12823170584927,5.73657229747919,4.9416424226093,5.19295685089021,6.19440539110467
"Volvo",180,107,770,188,470,5.9,150,310,"AWD","JF - Luxury",5037,1964,1744,"SUV",1.77495235091167,5.73657229747919,5.01063529409626,5.19295685089021,6.64639051484773
"Volvo",180,107,910,188,455,4.9,150,310,"AWD","JF - Luxury",5037,1964,1744,"SUV",1.58923520511658,5.73657229747919,5.01063529409626,5.19295685089021,6.8134445995109
"Voyah",200,100,720,200,480,4.4,80,550,"AWD","JE - Executive",4905,1950,1645,"SUV",1.48160454092422,6.30991827822652,4.38202663467388,5.29831736654804,6.5792512120101
"XPENG",200,87.5,660,159,475,4.1,180,571,"AWD","JD - Large",4753,1920,1650,"SUV",1.41098697371026,6.34738920965601,5.19295685089021,5.29831736654804,6.49223983502047
"XPENG",200,87.5,440,154,480,6.7,180,571,"RWD","JD - Large",4753,1920,1650,"SUV",1.90210752639692,6.34738920965601,5.19295685089021,5.29831736654804,6.08677472691231
"XPENG",200,66,440,152,370,6.9,140,571,"RWD","JD - Large",4753,1920,1650,"SUV",1.93152141160321,6.34738920965601,4.9416424226093,5.29831736654804,6.08677472691231
"XPENG",200,93.1,717,179,465,3.9,224,660,"AWD","JE - Executive",4891,1937,1670,"SUV",1.3609765531356,6.49223983502047,5.41164605185504,5.29831736654804,6.57507584059962
"XPENG",200,93.1,430,163,480,6.4,224,660,"RWD","JE - Executive",4891,1937,1670,"SUV",1.85629799036563,6.49223983502047,5.41164605185504,5.29831736654804,6.06378520868761
"XPENG",200,75.8,430,165,395,6.4,170,660,"RWD","JE - Executive",4891,1937,1680,"SUV",1.85629799036563,6.49223983502047,5.13579843705026,5.29831736654804,6.06378520868761
"XPENG",200,82.7,757,164,460,4.1,138,440,"AWD","E - Executive",4888,1896,1450,"Sedan",1.41098697371026,6.08677472691231,4.92725368515721,5.29831736654804,6.62936325343745
"XPENG",200,82.7,440,144,495,6.7,138,440,"RWD","E - Executive",4888,1896,1450,"Sedan",1.90210752639692,6.08677472691231,4.92725368515721,5.29831736654804,6.08677472691231
"XPENG",200,82.7,757,164,455,4.1,138,440,"AWD","E - Executive",4888,1896,1450,"Sedan",1.41098697371026,6.08677472691231,4.92725368515721,5.29831736654804,6.62936325343745
"Zeekr",200,94,343,152,505,7.2,135,539,"RWD","E - Executive",4955,1999,1560,"Liftback Sedan",1.97408102602201,6.289715570909,4.90527477843843,5.29831736654804,5.83773044716594
"Zeekr",200,94,686,159,480,3.8,135,539,"AWD","E - Executive",4955,1999,1560,"Liftback Sedan",1.33500106673234,6.289715570909,4.90527477843843,5.29831736654804,6.53087762772588
"Zeekr",200,94,686,162,480,3.8,135,539,"AWD","E - Executive",4955,1999,1548,"Liftback Sedan",1.33500106673234,6.289715570909,4.90527477843843,5.29831736654804,6.53087762772588
"Zeekr",210,94,440,153,475,6,260,539,"RWD","JD - Large",4787,1930,1650,"SUV",1.79175946922805,6.289715570909,5.56068163101553,5.34710753071747,6.08677472691231
"Zeekr",210,94,710,173,450,3.8,260,539,"AWD","JD - Large",4787,1930,1650,"SUV",1.33500106673234,6.289715570909,5.56068163101553,5.34710753071747,6.56526497003536
"Zeekr",210,71,440,148,365,6,240,539,"RWD","JD - Large",4787,1930,1650,"SUV",1.79175946922805,6.289715570909,5.48063892334199,5.34710753071747,6.08677472691231
"Zeekr",190,49,343,148,265,5.9,70,362,"RWD","JB - Compact",4432,1836,1566,"SUV",1.77495235091167,5.89164421182577,4.24849524204936,5.24702407216049,5.83773044716594
"Zeekr",190,65,343,146,360,5.6,114,362,"RWD","JB - Compact",4432,1836,1566,"SUV",1.7227665977411,5.89164421182577,4.7361984483945,5.24702407216049,5.83773044716594
"Zeekr",190,65,543,153,350,3.8,114,362,"AWD","JB - Compact",4432,1836,1566,"SUV",1.33500106673234,5.89164421182577,4.7361984483945,5.24702407216049,6.29710931993394
"firefly",150,41.2,200,125,250,8.1,65,404,"RWD","B - Compact",4003,1885,1557,"Hatchback",2.09186406167839,6.00141487796115,4.17438726989564,5.01063529409626,5.29831736654804
